{"stats":{"minecraft:killed":{"minecraft:pig":3,"minecraft:iron_golem":1,"minecraft:skeleton":1,"minecraft:sheep":2,"minecraft:chicken":5,"minecraft:villager":1,"minecraft:cow":1},"minecraft:used":{"minecraft:cooked_mutton":3,"minecraft:acacia_log":27,"minecraft:stone_pickaxe":305,"minecraft:oak_planks":1,"minecraft:wooden_pickaxe":25,"minecraft:torch":22,"minecraft:mutton":2,"minecraft:crafting_table":8,"minecraft:jungle_slab":4,"minecraft:white_bed":1,"minecraft:obsidian":2,"minecraft:wooden_axe":23,"minecraft:apple":1,"minecraft:chicken":2,"minecraft:iron_pickaxe":4,"minecraft:stone_axe":142,"minecraft:diamond_sword":19,"minecraft:furnace":2,"minecraft:cobblestone":69,"minecraft:cooked_porkchop":3,"minecraft:acacia_fence":1,"minecraft:cobbled_deepslate":41,"minecraft:acacia_planks":24,"minecraft:golden_axe":40},"minecraft:broken":{"minecraft:stone_pickaxe":1,"minecraft:golden_axe":1,"minecraft:stone_axe":1,"minecraft:wooden_axe":2},"minecraft:killed_by":{"minecraft:player":10,"minecraft:skeleton":2,"minecraft:creeper":1,"minecraft:zombie":1,"minecraft:iron_golem":1},"minecraft:mined":{"minecraft:yellow_terracotta":1,"minecraft:tuff":30,"minecraft:acacia_leaves":4,"minecraft:spruce_planks":2,"minecraft:white_bed":3,"minecraft:deepslate_diamond_ore":2,"minecraft:crafting_table":6,"minecraft:torch":1,"minecraft:granite":14,"minecraft:acacia_log":82,"minecraft:grass_block":4,"minecraft:tall_grass":9,"minecraft:cobblestone":1,"minecraft:oak_planks":1,"minecraft:diorite":18,"minecraft:wall_torch":6,"minecraft:seagrass":1,"croptopia:nectarine_crop":4,"minecraft:furnace":2,"minecraft:dark_oak_stairs":2,"minecraft:grass":187,"minecraft:oak_log":11,"minecraft:coal_ore":24,"minecraft:acacia_fence":1,"minecraft:deepslate_iron_ore":18,"minecraft:oak_stairs":1,"minecraft:gravel":5,"croptopia:rutabaga_crop":1,"minecraft:acacia_planks":5,"minecraft:stone":101,"minecraft:oak_leaves":3,"minecraft:deepslate":51},"minecraft:dropped":{"minecraft:tuff":21,"minecraft:feather":4,"minecraft:oak_planks":8,"minecraft:acacia_log":64,"minecraft:birch_slab":1,"minecraft:acacia_sapling":24,"minecraft:oak_sapling":10,"minecraft:stone_pickaxe":1,"minecraft:wooden_pickaxe":1,"minecraft:iron_pickaxe":1,"croptopia:turmeric_seed":2,"minecraft:acacia_planks":97},"minecraft:crafted":{"minecraft:oak_planks":64,"minecraft:diamond_sword":2,"minecraft:cooked_porkchop":6,"minecraft:crafting_table":6,"minecraft:wooden_pickaxe":4,"minecraft:iron_helmet":2,"minecraft:furnace":2,"minecraft:stone_axe":4,"minecraft:air":0,"minecraft:stick":28,"minecraft:iron_ingot":8,"minecraft:stone_pickaxe":6,"minecraft:iron_pickaxe":2,"minecraft:wooden_axe":4,"minecraft:acacia_planks":276,"minecraft:torch":16},"minecraft:custom":{"minecraft:interact_with_furnace":16,"minecraft:mob_kills":15,"minecraft:interact_with_crafting_table":17,"minecraft:leave_game":1,"minecraft:time_since_death":199,"minecraft:sleep_in_bed":2,"minecraft:climb_one_cm":2264,"minecraft:time_since_rest":226,"minecraft:sprint_one_cm":372553,"minecraft:damage_taken":5058,"minecraft:walk_one_cm":203550,"minecraft:drop":14,"minecraft:damage_dealt":2692,"minecraft:player_kills":1,"minecraft:swim_one_cm":130601,"minecraft:fly_one_cm":330080,"minecraft:open_chest":20,"minecraft:crouch_one_cm":4079,"minecraft:play_time":87202,"minecraft:deaths":18,"minecraft:sneak_time":2219,"minecraft:walk_under_water_one_cm":9858,"minecraft:boat_one_cm":13188,"minecraft:jump":1571,"minecraft:walk_on_water_one_cm":21514,"minecraft:total_world_time":87202,"minecraft:fall_one_cm":40807},"minecraft:picked_up":{"minecraft:wooden_axe":1,"minecraft:charcoal":9,"minecraft:crafting_table":6,"minecraft:wheat":11,"minecraft:feather":4,"minecraft:chicken":4,"minecraft:birch_slab":1,"croptopia:nectarine":4,"minecraft:leather":1,"minecraft:wooden_pickaxe":1,"minecraft:oak_stairs":1,"minecraft:flint":1,"minecraft:tuff":42,"minecraft:oak_log":16,"minecraft:gunpowder":1,"minecraft:dirt":3,"minecraft:cooked_mutton":3,"minecraft:acacia_planks":121,"minecraft:apple":1,"minecraft:wheat_seeds":61,"minecraft:cobbled_deepslate":50,"minecraft:spruce_planks":1,"minecraft:iron_ingot":4,"minecraft:beef":2,"minecraft:stone_pickaxe":1,"minecraft:spruce_slab":1,"minecraft:oak_planks":9,"minecraft:acacia_sapling":89,"minecraft:furnace":1,"minecraft:stick":34,"minecraft:raw_iron":18,"minecraft:acacia_fence":1,"minecraft:cooked_porkchop":1,"minecraft:torch":11,"minecraft:acacia_log":154,"minecraft:gravel":3,"minecraft:porkchop":9,"minecraft:jungle_planks":1,"croptopia:turmeric_seed":2,"minecraft:diorite":18,"minecraft:white_bed":4,"minecraft:jungle_slab":4,"minecraft:diamond":2,"minecraft:stone_axe":1,"minecraft:granite":14,"minecraft:oak_sapling":22,"minecraft:mutton":2,"minecraft:coal":47,"minecraft:white_wool":3,"minecraft:cobblestone":92}},"DataVersion":3337}