{"stats":{"minecraft:killed":{"minecraft:vindicator":26,"minecraft:pig":11,"minecraft:salmon":1,"minecraft:creeper":1,"minecraft:sheep":16,"minecraft:pillager":2,"minecraft:cow":6},"minecraft:used":{"minecraft:stone_sword":157,"minecraft:iron_shovel":48,"minecraft:acacia_log":1,"minecraft:stone_shovel":106,"minecraft:ladder":28,"minecraft:chest":9,"minecraft:orange_bed":3,"minecraft:torch":4,"minecraft:dirt":126,"croptopia:cooked_shrimp":1,"minecraft:white_carpet":1,"minecraft:jungle_planks":6,"minecraft:jungle_slab":5,"minecraft:wooden_axe":54,"minecraft:dark_oak_planks":1,"minecraft:iron_axe":77,"minecraft:barrel":2,"minecraft:crimson_planks":10,"minecraft:bamboo":58,"minecraft:furnace":4,"croptopia:roe":1,"minecraft:cooked_beef":4,"minecraft:acacia_planks":145,"minecraft:cooked_mutton":2,"minecraft:water_bucket":2,"minecraft:stone_pickaxe":181,"minecraft:baked_potato":4,"minecraft:oak_planks":261,"minecraft:wooden_pickaxe":48,"minecraft:sand":1,"minecraft:oak_slab":7,"minecraft:crafting_table":6,"minecraft:white_bed":4,"minecraft:cod":3,"minecraft:black_bed":1,"minecraft:oak_log":52,"minecraft:apple":1,"minecraft:iron_pickaxe":72,"minecraft:melon_slice":23,"minecraft:bread":3,"minecraft:brown_wool":1,"minecraft:stone_axe":260,"minecraft:cobblestone":9,"minecraft:cooked_porkchop":1,"minecraft:porkchop":7,"minecraft:bucket":2},"minecraft:broken":{"minecraft:stone_sword":1,"minecraft:wooden_pickaxe":2,"minecraft:stone_pickaxe":1,"minecraft:stone_axe":2},"minecraft:killed_by":{"minecraft:creeper":1},"minecraft:mined":{"minecraft:dark_oak_planks":2,"minecraft:dark_prismarine":7,"minecraft:spruce_planks":18,"minecraft:white_bed":2,"minecraft:jungle_slab":5,"minecraft:purple_terracotta":4,"minecraft:acacia_log":36,"minecraft:grass_block":63,"minecraft:jungle_planks":14,"croptopia:coffee_crop":1,"minecraft:hay_block":7,"minecraft:tall_seagrass":5,"minecraft:iron_ore":5,"minecraft:bookshelf":20,"minecraft:oak_stairs":1,"minecraft:bamboo_sapling":1,"minecraft:bamboo":11,"minecraft:stone":246,"minecraft:bone_block":9,"minecraft:spruce_slab":1,"minecraft:orange_bed":1,"minecraft:oak_slab":1,"minecraft:kelp_plant":2,"minecraft:jungle_stairs":2,"minecraft:dark_oak_wood":3,"minecraft:melon":5,"minecraft:chest":3,"minecraft:campfire":1,"minecraft:tall_grass":26,"minecraft:sugar_cane":19,"minecraft:oak_planks":7,"minecraft:spruce_stairs":1,"minecraft:seagrass":1,"minecraft:birch_log":12,"minecraft:wheat":1,"minecraft:jungle_fence":1,"minecraft:black_bed":1,"minecraft:grass":354,"croptopia:turmeric_crop":1,"minecraft:coal_ore":6,"minecraft:oak_log":189,"minecraft:sand":1,"minecraft:dirt":127,"minecraft:crimson_planks":15,"minecraft:acacia_planks":2,"minecraft:dispenser":1,"minecraft:oak_leaves":9,"minecraft:fern":35},"minecraft:dropped":{"minecraft:wheat_seeds":11,"croptopia:turmeric":1,"minecraft:cobblestone":6,"minecraft:brown_wool":1,"minecraft:acacia_planks":1,"minecraft:stone_axe":2,"minecraft:wheat":1,"minecraft:light_gray_wool":1,"minecraft:gunpowder":3},"minecraft:crafted":{"croptopia:apple_sapling":3,"minecraft:oak_planks":684,"minecraft:stone_shovel":1,"minecraft:furnace":8,"minecraft:white_carpet":3,"minecraft:cooked_mutton":2,"minecraft:iron_axe":2,"minecraft:ladder":66,"minecraft:stone_pickaxe":2,"minecraft:chest":6,"minecraft:golden_helmet":2,"minecraft:cooked_beef":14,"minecraft:oak_slab":6,"minecraft:cooked_porkchop":1,"minecraft:crafting_table":6,"minecraft:wooden_pickaxe":4,"croptopia:cooked_shrimp":1,"minecraft:stone_axe":3,"minecraft:air":0,"minecraft:stick":118,"minecraft:iron_ingot":5,"minecraft:iron_pickaxe":2,"minecraft:wooden_axe":2,"minecraft:stone_sword":2,"minecraft:iron_shovel":1,"minecraft:white_bed":2,"minecraft:acacia_planks":132,"minecraft:torch":16},"minecraft:custom":{"minecraft:mob_kills":64,"minecraft:interact_with_crafting_table":31,"minecraft:open_barrel":21,"minecraft:bell_ring":36,"minecraft:leave_game":1,"minecraft:time_since_death":70227,"minecraft:climb_one_cm":12956,"minecraft:sprint_one_cm":417165,"minecraft:walk_one_cm":98709,"minecraft:drop":15,"minecraft:talked_to_villager":1,"minecraft:play_time":103374,"minecraft:deaths":1,"minecraft:sneak_time":15502,"minecraft:walk_under_water_one_cm":5304,"minecraft:jump":1707,"minecraft:walk_on_water_one_cm":25194,"minecraft:total_world_time":103374,"minecraft:interact_with_furnace":23,"minecraft:interact_with_cartography_table":1,"minecraft:sleep_in_bed":3,"minecraft:time_since_rest":67599,"minecraft:damage_taken":1269,"minecraft:damage_dealt":8488,"minecraft:swim_one_cm":73930,"minecraft:fly_one_cm":256359,"minecraft:open_chest":38,"minecraft:crouch_one_cm":40089,"minecraft:fall_one_cm":37047,"minecraft:inspect_dispenser":5},"minecraft:picked_up":{"minecraft:charcoal":2,"minecraft:wheat":1,"minecraft:oak_stairs":1,"minecraft:crimson_planks":15,"minecraft:purple_banner":1,"minecraft:spruce_planks":18,"minecraft:beef":14,"minecraft:spruce_slab":1,"minecraft:light_gray_wool":2,"minecraft:melon_slice":23,"minecraft:sugar_cane":27,"minecraft:chest":3,"minecraft:birch_sapling":7,"minecraft:stick":76,"minecraft:raw_iron":5,"minecraft:torch":1,"minecraft:acacia_log":98,"minecraft:spruce_stairs":1,"minecraft:porkchop":24,"croptopia:coffee_seed":2,"minecraft:purple_terracotta":2,"minecraft:dark_oak_planks":2,"minecraft:orange_bed":3,"minecraft:jungle_stairs":1,"minecraft:hay_block":7,"minecraft:mutton":21,"minecraft:white_wool":12,"minecraft:bone_block":9,"minecraft:cobblestone":246,"minecraft:birch_log":12,"minecraft:leather":6,"minecraft:black_bed":1,"minecraft:brown_wool":3,"minecraft:jungle_fence":1,"minecraft:oak_log":188,"minecraft:dirt":206,"minecraft:apple":10,"minecraft:acacia_planks":100,"minecraft:kelp":2,"minecraft:wheat_seeds":37,"minecraft:bamboo":65,"croptopia:roe":1,"minecraft:oak_planks":7,"minecraft:acacia_sapling":6,"minecraft:book":60,"minecraft:oak_slab":1,"croptopia:plum":2,"croptopia:turmeric":1,"minecraft:jungle_planks":13,"minecraft:sand":1,"minecraft:white_bed":2,"croptopia:coffee_beans":1,"minecraft:jungle_slab":7,"minecraft:dark_prismarine":7,"minecraft:stone_axe":1,"minecraft:gray_wool":1,"minecraft:emerald":9,"minecraft:oak_sapling":88,"minecraft:dark_oak_wood":3,"minecraft:coal":4}},"DataVersion":3337}