{"stats":{"minecraft:killed":{"minecraft:vindicator":26,"minecraft:pig":11,"minecraft:salmon":1,"minecraft:creeper":1,"minecraft:sheep":16,"minecraft:pillager":2,"minecraft:cow":6},"minecraft:used":{"minecraft:stone_sword":157,"minecraft:acacia_log":1,"minecraft:stone_shovel":106,"minecraft:chest":9,"minecraft:orange_bed":3,"minecraft:dirt":118,"minecraft:white_carpet":1,"minecraft:jungle_planks":6,"minecraft:jungle_slab":5,"minecraft:wooden_axe":54,"minecraft:dark_oak_planks":1,"minecraft:barrel":2,"minecraft:crimson_planks":10,"minecraft:bamboo":58,"minecraft:furnace":4,"croptopia:roe":1,"minecraft:cooked_beef":4,"minecraft:acacia_planks":145,"minecraft:cooked_mutton":2,"minecraft:stone_pickaxe":131,"minecraft:baked_potato":4,"minecraft:oak_planks":108,"minecraft:wooden_pickaxe":48,"minecraft:sand":1,"minecraft:oak_slab":7,"minecraft:crafting_table":6,"minecraft:white_bed":4,"minecraft:cod":3,"minecraft:black_bed":1,"minecraft:oak_log":15,"minecraft:melon_slice":23,"minecraft:bread":3,"minecraft:brown_wool":1,"minecraft:stone_axe":259,"minecraft:cobblestone":9,"minecraft:cooked_porkchop":1,"minecraft:porkchop":7},"minecraft:broken":{"minecraft:stone_sword":1,"minecraft:wooden_pickaxe":2,"minecraft:stone_axe":1},"minecraft:killed_by":{"minecraft:creeper":1},"minecraft:mined":{"minecraft:dark_oak_planks":2,"minecraft:dark_prismarine":7,"minecraft:spruce_planks":18,"minecraft:white_bed":2,"minecraft:jungle_slab":5,"minecraft:purple_terracotta":4,"minecraft:acacia_log":36,"minecraft:grass_block":36,"minecraft:jungle_planks":14,"croptopia:coffee_crop":1,"minecraft:hay_block":7,"minecraft:tall_seagrass":5,"minecraft:iron_ore":5,"minecraft:bookshelf":20,"minecraft:oak_stairs":1,"minecraft:bamboo_sapling":1,"minecraft:bamboo":11,"minecraft:stone":124,"minecraft:bone_block":9,"minecraft:spruce_slab":1,"minecraft:orange_bed":1,"minecraft:oak_slab":1,"minecraft:kelp_plant":2,"minecraft:jungle_stairs":2,"minecraft:dark_oak_wood":3,"minecraft:melon":5,"minecraft:chest":3,"minecraft:campfire":1,"minecraft:tall_grass":26,"minecraft:sugar_cane":19,"minecraft:oak_planks":6,"minecraft:spruce_stairs":1,"minecraft:seagrass":1,"minecraft:birch_log":12,"minecraft:wheat":1,"minecraft:jungle_fence":1,"minecraft:black_bed":1,"minecraft:grass":354,"croptopia:turmeric_crop":1,"minecraft:coal_ore":6,"minecraft:oak_log":117,"minecraft:sand":1,"minecraft:dirt":106,"minecraft:crimson_planks":15,"minecraft:acacia_planks":2,"minecraft:dispenser":1,"minecraft:oak_leaves":9,"minecraft:fern":35},"minecraft:dropped":{"minecraft:wheat_seeds":11,"croptopia:turmeric":1,"minecraft:cobblestone":6,"minecraft:brown_wool":1,"minecraft:acacia_planks":1,"minecraft:stone_axe":2,"minecraft:wheat":1,"minecraft:light_gray_wool":1,"minecraft:gunpowder":3},"minecraft:crafted":{"croptopia:apple_sapling":3,"minecraft:oak_planks":556,"minecraft:stone_shovel":1,"minecraft:furnace":8,"minecraft:white_carpet":3,"minecraft:cooked_mutton":2,"minecraft:stone_pickaxe":2,"minecraft:chest":6,"minecraft:golden_helmet":2,"minecraft:cooked_beef":14,"minecraft:oak_slab":6,"minecraft:cooked_porkchop":1,"minecraft:crafting_table":6,"minecraft:wooden_pickaxe":4,"croptopia:cooked_shrimp":1,"minecraft:stone_axe":3,"minecraft:air":0,"minecraft:stick":14,"minecraft:iron_ingot":5,"minecraft:wooden_axe":2,"minecraft:stone_sword":2,"minecraft:white_bed":2,"minecraft:acacia_planks":132},"minecraft:custom":{"minecraft:mob_kills":64,"minecraft:interact_with_crafting_table":26,"minecraft:open_barrel":15,"minecraft:bell_ring":36,"minecraft:leave_game":1,"minecraft:time_since_death":58227,"minecraft:climb_one_cm":6094,"minecraft:sprint_one_cm":386359,"minecraft:walk_one_cm":85612,"minecraft:drop":15,"minecraft:talked_to_villager":1,"minecraft:play_time":91374,"minecraft:deaths":1,"minecraft:sneak_time":12688,"minecraft:walk_under_water_one_cm":5304,"minecraft:jump":1609,"minecraft:walk_on_water_one_cm":25169,"minecraft:total_world_time":91374,"minecraft:interact_with_furnace":23,"minecraft:interact_with_cartography_table":1,"minecraft:sleep_in_bed":3,"minecraft:time_since_rest":55599,"minecraft:damage_taken":1219,"minecraft:damage_dealt":8488,"minecraft:swim_one_cm":73930,"minecraft:fly_one_cm":248115,"minecraft:open_chest":25,"minecraft:crouch_one_cm":28920,"minecraft:fall_one_cm":33878,"minecraft:inspect_dispenser":5},"minecraft:picked_up":{"minecraft:charcoal":2,"minecraft:wheat":1,"minecraft:oak_stairs":1,"minecraft:crimson_planks":15,"minecraft:purple_banner":1,"minecraft:spruce_planks":18,"minecraft:beef":14,"minecraft:spruce_slab":1,"minecraft:light_gray_wool":2,"minecraft:melon_slice":23,"minecraft:sugar_cane":27,"minecraft:chest":3,"minecraft:birch_sapling":7,"minecraft:stick":62,"minecraft:raw_iron":5,"minecraft:acacia_log":98,"minecraft:spruce_stairs":1,"minecraft:porkchop":24,"croptopia:coffee_seed":2,"minecraft:purple_terracotta":2,"minecraft:dark_oak_planks":2,"minecraft:orange_bed":3,"minecraft:jungle_stairs":1,"minecraft:hay_block":7,"minecraft:mutton":21,"minecraft:white_wool":12,"minecraft:bone_block":9,"minecraft:cobblestone":124,"minecraft:birch_log":12,"minecraft:leather":6,"minecraft:black_bed":1,"minecraft:brown_wool":3,"minecraft:jungle_fence":1,"minecraft:oak_log":119,"minecraft:dirt":158,"minecraft:apple":7,"minecraft:acacia_planks":100,"minecraft:kelp":2,"minecraft:wheat_seeds":37,"minecraft:bamboo":65,"croptopia:roe":1,"minecraft:oak_planks":6,"minecraft:acacia_sapling":6,"minecraft:book":60,"minecraft:oak_slab":1,"croptopia:turmeric":1,"minecraft:jungle_planks":13,"minecraft:sand":1,"minecraft:white_bed":2,"croptopia:coffee_beans":1,"minecraft:jungle_slab":7,"minecraft:dark_prismarine":7,"minecraft:stone_axe":1,"minecraft:gray_wool":1,"minecraft:emerald":9,"minecraft:oak_sapling":67,"minecraft:dark_oak_wood":3,"minecraft:coal":4}},"DataVersion":3337}