{"stats":{"minecraft:killed":{"minecraft:vindicator":26,"minecraft:pig":11,"minecraft:salmon":1,"minecraft:creeper":1,"minecraft:sheep":16,"minecraft:pillager":2,"minecraft:cow":6},"minecraft:used":{"minecraft:stone_sword":157,"minecraft:iron_shovel":221,"minecraft:acacia_log":1,"minecraft:stone_shovel":106,"minecraft:ladder":33,"minecraft:chest":9,"minecraft:orange_bed":3,"minecraft:torch":20,"minecraft:dirt":168,"croptopia:cooked_shrimp":1,"minecraft:white_carpet":1,"minecraft:jungle_planks":6,"minecraft:jungle_slab":5,"minecraft:glass":23,"minecraft:wooden_axe":54,"minecraft:dark_oak_planks":1,"minecraft:iron_axe":347,"minecraft:barrel":2,"minecraft:crimson_planks":10,"minecraft:bamboo":58,"minecraft:furnace":4,"croptopia:roe":1,"minecraft:cooked_beef":4,"minecraft:acacia_planks":145,"minecraft:cooked_mutton":2,"minecraft:water_bucket":18,"minecraft:cobblestone_stairs":65,"minecraft:stone_pickaxe":181,"minecraft:baked_potato":4,"minecraft:oak_planks":434,"minecraft:wooden_pickaxe":48,"minecraft:sand":1,"minecraft:oak_slab":7,"minecraft:crafting_table":6,"minecraft:white_bed":4,"minecraft:cod":3,"minecraft:black_bed":1,"minecraft:oak_log":141,"minecraft:apple":2,"minecraft:iron_pickaxe":162,"minecraft:melon_slice":23,"minecraft:bread":3,"minecraft:brown_wool":1,"minecraft:stone_axe":260,"minecraft:cobblestone":11,"minecraft:cooked_porkchop":5,"minecraft:porkchop":7,"minecraft:bucket":18},"minecraft:broken":{"minecraft:stone_sword":1,"minecraft:wooden_pickaxe":2,"minecraft:stone_pickaxe":1,"minecraft:iron_axe":1,"minecraft:stone_axe":2},"minecraft:killed_by":{"minecraft:creeper":1},"minecraft:mined":{"minecraft:dark_oak_planks":2,"minecraft:dark_prismarine":7,"minecraft:spruce_planks":18,"minecraft:white_bed":2,"minecraft:jungle_slab":5,"minecraft:cobblestone_stairs":3,"minecraft:ladder":5,"minecraft:purple_terracotta":4,"minecraft:acacia_log":36,"minecraft:grass_block":102,"minecraft:jungle_planks":14,"croptopia:coffee_crop":1,"minecraft:hay_block":7,"minecraft:tall_seagrass":5,"minecraft:iron_ore":5,"minecraft:bookshelf":20,"minecraft:oak_stairs":1,"minecraft:bamboo_sapling":1,"minecraft:bamboo":11,"minecraft:stone":331,"minecraft:bone_block":9,"minecraft:spruce_slab":1,"minecraft:orange_bed":1,"minecraft:oak_slab":1,"minecraft:kelp_plant":2,"minecraft:torch":2,"minecraft:jungle_stairs":2,"minecraft:dark_oak_wood":3,"minecraft:melon":5,"minecraft:chest":3,"minecraft:campfire":1,"minecraft:tall_grass":26,"minecraft:sugar_cane":19,"minecraft:oak_planks":31,"minecraft:wall_torch":1,"minecraft:spruce_stairs":1,"minecraft:seagrass":1,"minecraft:birch_log":37,"minecraft:wheat":1,"minecraft:birch_leaves":1,"minecraft:jungle_fence":1,"minecraft:black_bed":1,"minecraft:grass":358,"croptopia:turmeric_crop":1,"minecraft:coal_ore":6,"minecraft:oak_log":368,"minecraft:sand":75,"minecraft:dirt":206,"minecraft:crimson_planks":15,"minecraft:acacia_planks":2,"minecraft:dispenser":1,"minecraft:oak_leaves":30,"minecraft:fern":35},"minecraft:dropped":{"minecraft:wheat_seeds":11,"croptopia:turmeric":1,"minecraft:cobblestone":6,"minecraft:brown_wool":1,"minecraft:acacia_planks":1,"minecraft:stone_axe":2,"minecraft:wheat":1,"minecraft:light_gray_wool":1,"minecraft:gunpowder":3},"minecraft:crafted":{"croptopia:apple_sapling":3,"minecraft:oak_planks":940,"minecraft:stone_shovel":1,"minecraft:furnace":8,"minecraft:cobblestone_stairs":100,"minecraft:white_carpet":3,"minecraft:cooked_mutton":2,"minecraft:glass":23,"minecraft:iron_axe":3,"minecraft:ladder":66,"minecraft:stone_pickaxe":2,"minecraft:chest":6,"minecraft:golden_helmet":2,"minecraft:cooked_beef":14,"minecraft:oak_slab":6,"minecraft:cooked_porkchop":13,"minecraft:crafting_table":6,"minecraft:wooden_pickaxe":4,"croptopia:cooked_shrimp":1,"minecraft:stone_axe":3,"minecraft:air":0,"minecraft:stick":118,"minecraft:iron_ingot":5,"minecraft:iron_pickaxe":2,"minecraft:wooden_axe":2,"minecraft:stone_sword":2,"minecraft:iron_shovel":1,"minecraft:white_bed":2,"minecraft:acacia_planks":132,"minecraft:torch":16},"minecraft:custom":{"minecraft:mob_kills":64,"minecraft:interact_with_crafting_table":33,"minecraft:open_barrel":22,"minecraft:bell_ring":36,"minecraft:leave_game":1,"minecraft:time_since_death":94227,"minecraft:climb_one_cm":19650,"minecraft:sprint_one_cm":496516,"minecraft:walk_one_cm":149109,"minecraft:drop":15,"minecraft:talked_to_villager":1,"minecraft:play_time":127374,"minecraft:deaths":1,"minecraft:sneak_time":18762,"minecraft:walk_under_water_one_cm":9908,"minecraft:jump":1976,"minecraft:walk_on_water_one_cm":28959,"minecraft:total_world_time":127374,"minecraft:interact_with_furnace":27,"minecraft:interact_with_cartography_table":1,"minecraft:sleep_in_bed":3,"minecraft:time_since_rest":91599,"minecraft:damage_taken":1469,"minecraft:damage_dealt":8488,"minecraft:swim_one_cm":76812,"minecraft:fly_one_cm":274793,"minecraft:open_chest":41,"minecraft:crouch_one_cm":50596,"minecraft:fall_one_cm":44011,"minecraft:inspect_dispenser":5},"minecraft:picked_up":{"minecraft:charcoal":2,"minecraft:wheat":1,"minecraft:ladder":5,"minecraft:oak_stairs":1,"minecraft:crimson_planks":15,"minecraft:purple_banner":1,"minecraft:spruce_planks":18,"minecraft:beef":14,"minecraft:spruce_slab":1,"minecraft:light_gray_wool":2,"minecraft:melon_slice":23,"minecraft:sugar_cane":27,"minecraft:chest":3,"minecraft:birch_sapling":17,"minecraft:stick":112,"minecraft:raw_iron":5,"minecraft:torch":4,"minecraft:acacia_log":98,"minecraft:spruce_stairs":1,"minecraft:porkchop":24,"croptopia:coffee_seed":2,"minecraft:purple_terracotta":2,"minecraft:dark_oak_planks":2,"minecraft:orange_bed":3,"minecraft:jungle_stairs":1,"minecraft:hay_block":7,"minecraft:mutton":21,"minecraft:white_wool":12,"minecraft:bone_block":9,"minecraft:cobblestone":331,"minecraft:birch_log":37,"minecraft:leather":6,"minecraft:black_bed":1,"minecraft:brown_wool":3,"minecraft:jungle_fence":1,"minecraft:oak_log":365,"minecraft:cobblestone_stairs":3,"minecraft:dirt":321,"minecraft:apple":18,"minecraft:acacia_planks":100,"minecraft:kelp":2,"minecraft:wheat_seeds":38,"minecraft:bamboo":65,"croptopia:roe":1,"minecraft:oak_planks":31,"minecraft:acacia_sapling":6,"minecraft:book":60,"minecraft:oak_slab":1,"croptopia:plum":2,"croptopia:starfruit":3,"croptopia:turmeric":1,"minecraft:jungle_planks":13,"minecraft:sand":75,"minecraft:white_bed":2,"croptopia:coffee_beans":1,"minecraft:jungle_slab":7,"minecraft:dark_prismarine":7,"minecraft:stone_axe":1,"minecraft:gray_wool":1,"minecraft:emerald":9,"minecraft:oak_sapling":178,"minecraft:dark_oak_wood":3,"minecraft:coal":4}},"DataVersion":3337}