{"stats":{"minecraft:killed":{"minecraft:spider":2,"minecraft:horse":4,"minecraft:skeleton":1,"minecraft:pig":1,"minecraft:iron_golem":1,"minecraft:sheep":9,"minecraft:zombie":6,"minecraft:player":8,"minecraft:cow":14},"minecraft:used":{"minecraft:iron_shovel":40,"minecraft:acacia_log":1,"minecraft:chest":17,"minecraft:spruce_planks":4,"minecraft:shield":4,"minecraft:iron_sword":99,"minecraft:bell":1,"minecraft:stone_hoe":93,"minecraft:dirt":15,"minecraft:wooden_axe":35,"minecraft:lava_bucket":24,"minecraft:iron_axe":63,"minecraft:acacia_slab":3,"minecraft:hay_block":1,"minecraft:furnace":5,"minecraft:acacia_fence":1,"minecraft:egg":1,"minecraft:acacia_planks":54,"minecraft:cobbled_deepslate":29,"minecraft:wheat_seeds":1,"minecraft:cooked_mutton":2,"minecraft:acacia_boat":1,"minecraft:water_bucket":13,"minecraft:diorite":4,"minecraft:stone_pickaxe":148,"minecraft:oak_planks":18,"minecraft:sand":8,"minecraft:crafting_table":12,"minecraft:white_bed":9,"minecraft:purple_terracotta":1,"minecraft:bread":33,"minecraft:iron_pickaxe":102,"minecraft:stone_axe":206,"minecraft:cobblestone":6,"minecraft:bucket":38},"minecraft:broken":{"minecraft:stone_pickaxe":1,"minecraft:stone_axe":1},"minecraft:killed_by":{"minecraft:iron_golem":1,"minecraft:skeleton":1},"minecraft:mined":{"minecraft:spruce_planks":6,"minecraft:white_bed":7,"minecraft:deepslate_diamond_ore":4,"minecraft:acacia_log":68,"minecraft:grass_block":6,"minecraft:jungle_planks":1,"minecraft:jungle_log":70,"minecraft:redstone_wire":1,"minecraft:acacia_slab":9,"minecraft:composter":3,"minecraft:hay_block":83,"minecraft:furnace":4,"minecraft:iron_ore":23,"minecraft:cobbled_deepslate":9,"minecraft:acacia_wood":16,"minecraft:deepslate_lapis_ore":1,"minecraft:bell":2,"minecraft:dirt_path":1,"minecraft:deepslate_iron_ore":13,"minecraft:vine":5,"croptopia:greenonion_crop":1,"minecraft:bamboo":1,"minecraft:stone":48,"minecraft:bone_block":40,"minecraft:podzol":1,"minecraft:deepslate_redstone_ore":9,"minecraft:acacia_leaves":4,"minecraft:crafting_table":7,"minecraft:chest":1,"minecraft:tall_grass":11,"minecraft:cobblestone":2,"minecraft:lapis_ore":1,"minecraft:deepslate_gold_ore":7,"minecraft:oak_planks":6,"minecraft:wheat":9,"minecraft:grass":191,"minecraft:oak_log":36,"minecraft:coal_ore":49,"croptopia:salt_ore":2,"minecraft:acacia_fence":8,"minecraft:sand":43,"minecraft:dirt":13,"minecraft:acacia_planks":4,"minecraft:stonecutter":1,"minecraft:gold_ore":2,"minecraft:oak_leaves":8,"minecraft:deepslate":31,"minecraft:fern":40},"minecraft:dropped":{"minecraft:wheat_seeds":44,"minecraft:diamond":6,"minecraft:cobblestone":1,"croptopia:salt":9,"minecraft:dirt":1,"minecraft:wooden_axe":1,"minecraft:acacia_planks":1,"minecraft:rotten_flesh":6,"croptopia:greenonion_seed":2,"minecraft:oak_sapling":2,"minecraft:arrow":2,"croptopia:greenonion":1,"minecraft:egg":2},"minecraft:crafted":{"minecraft:oak_planks":136,"minecraft:furnace":6,"minecraft:cooked_mutton":5,"minecraft:iron_boots":2,"minecraft:iron_axe":2,"minecraft:stone_pickaxe":8,"minecraft:chest":32,"minecraft:acacia_fence":6,"minecraft:stone_hoe":2,"minecraft:wheat":1260,"minecraft:crafting_table":5,"minecraft:iron_helmet":2,"minecraft:iron_sword":2,"minecraft:bucket":2,"minecraft:stone_axe":6,"minecraft:bread":420,"minecraft:acacia_boat":2,"minecraft:air":0,"minecraft:jungle_planks":260,"minecraft:iron_chestplate":2,"minecraft:charcoal":6,"minecraft:shield":2,"minecraft:stick":48,"minecraft:iron_ingot":36,"minecraft:iron_pickaxe":2,"minecraft:wooden_axe":2,"minecraft:gold_ingot":6,"minecraft:iron_shovel":2,"minecraft:iron_leggings":2,"minecraft:white_bed":4,"minecraft:acacia_planks":512},"minecraft:custom":{"minecraft:mob_kills":38,"minecraft:interact_with_crafting_table":37,"minecraft:open_barrel":2,"minecraft:leave_game":3,"minecraft:time_since_death":78951,"minecraft:climb_one_cm":6897,"minecraft:sprint_one_cm":351562,"minecraft:walk_one_cm":210339,"minecraft:damage_blocked_by_shield":270,"minecraft:drop":43,"minecraft:play_time":102297,"minecraft:deaths":3,"minecraft:sneak_time":6720,"minecraft:walk_under_water_one_cm":8907,"minecraft:boat_one_cm":31792,"minecraft:jump":2262,"minecraft:walk_on_water_one_cm":16348,"minecraft:total_world_time":102297,"minecraft:interact_with_furnace":55,"minecraft:tune_noteblock":1,"minecraft:sleep_in_bed":5,"minecraft:time_since_rest":10776,"minecraft:damage_taken":2003,"minecraft:damage_dealt":7965,"minecraft:swim_one_cm":16982,"minecraft:player_kills":11,"minecraft:fly_one_cm":590868,"minecraft:open_chest":29,"minecraft:crouch_one_cm":18384,"minecraft:fall_one_cm":69516,"minecraft:inspect_dispenser":1},"minecraft:picked_up":{"minecraft:wooden_axe":1,"minecraft:cocoa_beans":7,"minecraft:crafting_table":8,"minecraft:wheat":3,"minecraft:cobbled_deepslate":38,"minecraft:spruce_planks":8,"minecraft:beef":22,"minecraft:jungle_sapling":4,"minecraft:spruce_slab":1,"minecraft:chest":1,"minecraft:egg":3,"minecraft:furnace":4,"minecraft:raw_iron":36,"minecraft:stick":27,"minecraft:acacia_fence":8,"minecraft:composter":3,"minecraft:torch":5,"minecraft:acacia_log":140,"minecraft:porkchop":2,"minecraft:diorite":4,"minecraft:redstone":42,"minecraft:purple_terracotta":1,"minecraft:rotten_flesh":6,"minecraft:arrow":4,"minecraft:hay_block":101,"croptopia:salt":9,"minecraft:mutton":31,"minecraft:cobblestone":70,"minecraft:white_wool":9,"minecraft:bone_block":120,"minecraft:jungle_log":70,"minecraft:leather":26,"croptopia:greenonion_seed":2,"minecraft:acacia_wood":16,"minecraft:oak_log":34,"minecraft:acacia_boat":4,"minecraft:lapis_lazuli":16,"minecraft:dirt":60,"minecraft:bone":2,"minecraft:acacia_planks":187,"minecraft:apple":1,"minecraft:stonecutter":1,"minecraft:wheat_seeds":65,"minecraft:raw_gold":9,"minecraft:bell":3,"minecraft:stone_pickaxe":2,"minecraft:iron_ingot":4,"minecraft:bamboo":10,"minecraft:acacia_sapling":78,"minecraft:oak_planks":6,"minecraft:stone_hoe":2,"minecraft:jungle_planks":1,"minecraft:sand":40,"minecraft:white_bed":11,"minecraft:diamond":10,"minecraft:bone_meal":2,"minecraft:bread":51,"pfm:furniture_book":3,"minecraft:oak_sapling":35,"minecraft:acacia_slab":10,"croptopia:greenonion":1,"minecraft:coal":49}},"DataVersion":3337}