{"stats":{"minecraft:mined":{"minecraft:grass":2,"minecraft:grass_block":3,"minecraft:oak_log":1,"minecraft:dirt":8,"minecraft:mushroom_stem":1,"minecraft:birch_log":4,"minecraft:stone":1,"minecraft:birch_leaves":2,"minecraft:oak_leaves":10},"minecraft:used":{"minecraft:oak_log":1,"minecraft:oak_leaves":1,"minecraft:crafting_table":1,"minecraft:grass_block":1,"minecraft:birch_leaves":1,"minecraft:birch_log":1,"minecraft:wooden_pickaxe":1,"minecraft:cooked_beef":2},"minecraft:killed":{"minecraft:wolf":1},"minecraft:crafted":{"minecraft:birch_planks":16,"minecraft:crafting_table":1,"minecraft:stick":4,"minecraft:wooden_pickaxe":2},"minecraft:picked_up":{"minecraft:birch_log":4,"minecraft:stick":1,"minecraft:oak_log":1,"minecraft:dirt":11,"minecraft:cobblestone":1},"minecraft:custom":{"minecraft:time_since_rest":45222,"minecraft:open_chest":22,"minecraft:crouch_one_cm":2682,"minecraft:sprint_one_cm":37924,"minecraft:play_time":45222,"minecraft:damage_taken":70,"minecraft:walk_one_cm":25449,"minecraft:sneak_time":870,"minecraft:mob_kills":1,"minecraft:jump":172,"minecraft:damage_dealt":121,"minecraft:leave_game":8,"minecraft:time_since_death":45222,"minecraft:climb_one_cm":1237,"minecraft:total_world_time":45222,"minecraft:interact_with_crafting_table":1,"minecraft:fall_one_cm":5634,"minecraft:fly_one_cm":249947}},"DataVersion":3337}