{"stats":{"minecraft:killed":{"minecraft:skeleton":1,"minecraft:pig":1,"minecraft:sheep":9,"minecraft:zombie":5,"minecraft:player":8,"minecraft:cow":7},"minecraft:used":{"minecraft:acacia_log":1,"minecraft:chest":8,"minecraft:spruce_planks":4,"minecraft:shield":4,"minecraft:iron_sword":54,"minecraft:bell":1,"minecraft:stone_hoe":59,"minecraft:dirt":14,"minecraft:wooden_axe":35,"minecraft:lava_bucket":23,"minecraft:iron_axe":25,"minecraft:furnace":4,"minecraft:acacia_fence":1,"minecraft:egg":1,"minecraft:acacia_planks":54,"minecraft:cobbled_deepslate":29,"minecraft:cooked_mutton":2,"minecraft:acacia_boat":1,"minecraft:water_bucket":11,"minecraft:diorite":4,"minecraft:stone_pickaxe":148,"minecraft:oak_planks":15,"minecraft:sand":4,"minecraft:crafting_table":11,"minecraft:white_bed":7,"minecraft:purple_terracotta":1,"minecraft:bread":28,"minecraft:iron_pickaxe":100,"minecraft:stone_axe":206,"minecraft:cobblestone":6,"minecraft:bucket":35},"minecraft:broken":{"minecraft:stone_pickaxe":1,"minecraft:stone_axe":1},"minecraft:killed_by":{"minecraft:iron_golem":1,"minecraft:skeleton":1},"minecraft:mined":{"minecraft:spruce_planks":6,"minecraft:white_bed":6,"minecraft:deepslate_diamond_ore":4,"minecraft:acacia_log":68,"minecraft:grass_block":6,"minecraft:jungle_planks":1,"minecraft:jungle_log":70,"minecraft:redstone_wire":1,"minecraft:composter":3,"minecraft:hay_block":50,"minecraft:furnace":4,"minecraft:iron_ore":23,"minecraft:cobbled_deepslate":9,"minecraft:deepslate_lapis_ore":1,"minecraft:bell":1,"minecraft:dirt_path":1,"minecraft:deepslate_iron_ore":13,"minecraft:vine":5,"croptopia:greenonion_crop":1,"minecraft:bamboo":1,"minecraft:stone":48,"minecraft:bone_block":40,"minecraft:podzol":1,"minecraft:deepslate_redstone_ore":9,"minecraft:acacia_leaves":2,"minecraft:crafting_table":7,"minecraft:tall_grass":9,"minecraft:cobblestone":2,"minecraft:lapis_ore":1,"minecraft:deepslate_gold_ore":7,"minecraft:oak_planks":3,"minecraft:wheat":8,"minecraft:grass":187,"minecraft:oak_log":36,"minecraft:coal_ore":49,"minecraft:sand":4,"minecraft:dirt":12,"minecraft:acacia_planks":4,"minecraft:stonecutter":1,"minecraft:gold_ore":2,"minecraft:oak_leaves":8,"minecraft:deepslate":31,"minecraft:fern":40},"minecraft:dropped":{"minecraft:wheat_seeds":34,"minecraft:diamond":6,"minecraft:cobblestone":1,"minecraft:dirt":1,"minecraft:wooden_axe":1,"minecraft:acacia_planks":1,"minecraft:rotten_flesh":6,"croptopia:greenonion_seed":2,"minecraft:oak_sapling":2,"minecraft:arrow":2,"croptopia:greenonion":1,"minecraft:egg":2},"minecraft:crafted":{"minecraft:oak_planks":136,"minecraft:furnace":6,"minecraft:cooked_mutton":5,"minecraft:iron_boots":2,"minecraft:iron_axe":2,"minecraft:stone_pickaxe":8,"minecraft:chest":16,"minecraft:acacia_fence":6,"minecraft:stone_hoe":2,"minecraft:wheat":324,"minecraft:crafting_table":5,"minecraft:iron_helmet":2,"minecraft:iron_sword":2,"minecraft:bucket":2,"minecraft:stone_axe":6,"minecraft:bread":108,"minecraft:acacia_boat":2,"minecraft:air":0,"minecraft:jungle_planks":260,"minecraft:iron_chestplate":2,"minecraft:charcoal":6,"minecraft:shield":2,"minecraft:stick":48,"minecraft:iron_ingot":36,"minecraft:iron_pickaxe":2,"minecraft:wooden_axe":2,"minecraft:iron_leggings":2,"minecraft:white_bed":4,"minecraft:acacia_planks":216},"minecraft:custom":{"minecraft:mob_kills":23,"minecraft:interact_with_crafting_table":32,"minecraft:open_barrel":2,"minecraft:leave_game":3,"minecraft:time_since_death":66951,"minecraft:climb_one_cm":6897,"minecraft:sprint_one_cm":316462,"minecraft:walk_one_cm":192462,"minecraft:damage_blocked_by_shield":270,"minecraft:drop":37,"minecraft:play_time":90297,"minecraft:deaths":3,"minecraft:sneak_time":5681,"minecraft:walk_under_water_one_cm":4488,"minecraft:boat_one_cm":31792,"minecraft:jump":2021,"minecraft:walk_on_water_one_cm":14404,"minecraft:total_world_time":90297,"minecraft:interact_with_furnace":51,"minecraft:tune_noteblock":1,"minecraft:sleep_in_bed":4,"minecraft:time_since_rest":11633,"minecraft:damage_taken":1887,"minecraft:damage_dealt":4945,"minecraft:swim_one_cm":15591,"minecraft:player_kills":11,"minecraft:fly_one_cm":541100,"minecraft:open_chest":11,"minecraft:crouch_one_cm":15120,"minecraft:fall_one_cm":63143,"minecraft:inspect_dispenser":1},"minecraft:picked_up":{"minecraft:wooden_axe":1,"minecraft:cocoa_beans":7,"minecraft:crafting_table":8,"minecraft:wheat":3,"minecraft:cobbled_deepslate":38,"minecraft:spruce_planks":8,"minecraft:beef":13,"minecraft:jungle_sapling":4,"minecraft:spruce_slab":1,"minecraft:egg":3,"minecraft:furnace":4,"minecraft:raw_iron":36,"minecraft:stick":27,"minecraft:composter":3,"minecraft:acacia_log":140,"minecraft:porkchop":2,"minecraft:diorite":4,"minecraft:redstone":42,"minecraft:purple_terracotta":1,"minecraft:rotten_flesh":6,"minecraft:arrow":4,"minecraft:hay_block":68,"minecraft:mutton":31,"minecraft:cobblestone":70,"minecraft:white_wool":9,"minecraft:bone_block":120,"minecraft:jungle_log":70,"minecraft:leather":12,"croptopia:greenonion_seed":2,"minecraft:oak_log":34,"minecraft:acacia_boat":4,"minecraft:lapis_lazuli":16,"minecraft:dirt":59,"minecraft:bone":2,"minecraft:acacia_planks":187,"minecraft:apple":1,"minecraft:stonecutter":1,"minecraft:wheat_seeds":54,"minecraft:raw_gold":9,"minecraft:bell":2,"minecraft:stone_pickaxe":2,"minecraft:iron_ingot":1,"minecraft:bamboo":10,"minecraft:acacia_sapling":78,"minecraft:oak_planks":3,"minecraft:stone_hoe":2,"minecraft:jungle_planks":1,"minecraft:sand":4,"minecraft:white_bed":10,"minecraft:diamond":10,"minecraft:bone_meal":2,"minecraft:bread":51,"pfm:furniture_book":3,"minecraft:oak_sapling":35,"croptopia:greenonion":1,"minecraft:coal":49}},"DataVersion":3337}