{"stats":{"minecraft:killed":{"minecraft:wolf":1},"minecraft:mined":{"minecraft:grass":2,"minecraft:oak_log":1,"minecraft:mushroom_stem":1,"minecraft:birch_leaves":2,"minecraft:oak_leaves":10},"minecraft:picked_up":{"minecraft:stick":1,"minecraft:oak_log":1},"minecraft:custom":{"minecraft:open_chest":22,"minecraft:time_since_rest":44225,"minecraft:crouch_one_cm":1152,"minecraft:sprint_one_cm":37048,"minecraft:play_time":44225,"minecraft:damage_taken":50,"minecraft:walk_one_cm":24590,"minecraft:sneak_time":496,"minecraft:mob_kills":1,"minecraft:jump":169,"minecraft:damage_dealt":121,"minecraft:leave_game":7,"minecraft:time_since_death":44225,"minecraft:climb_one_cm":1237,"minecraft:total_world_time":44225,"minecraft:fall_one_cm":4941,"minecraft:fly_one_cm":248941},"minecraft:used":{"minecraft:oak_log":1,"minecraft:oak_leaves":1,"minecraft:birch_leaves":1,"minecraft:grass_block":1,"minecraft:birch_log":1,"minecraft:cooked_beef":2}},"DataVersion":3337}