{"stats":{"minecraft:mined":{"minecraft:grass":3,"minecraft:grass_block":3,"minecraft:oak_log":1,"minecraft:dirt":9,"minecraft:mushroom_stem":1,"minecraft:birch_log":4,"minecraft:stone":3,"minecraft:birch_leaves":2,"minecraft:oak_leaves":10},"minecraft:used":{"minecraft:oak_log":1,"minecraft:oak_leaves":1,"minecraft:crafting_table":1,"minecraft:grass_block":1,"minecraft:birch_leaves":1,"minecraft:birch_log":1,"minecraft:wooden_pickaxe":4,"minecraft:cooked_beef":2},"minecraft:dropped":{"minecraft:wheat_seeds":1},"minecraft:killed":{"minecraft:wolf":1},"minecraft:crafted":{"minecraft:birch_planks":16,"minecraft:crafting_table":1,"minecraft:stick":4,"minecraft:wooden_pickaxe":2},"minecraft:picked_up":{"minecraft:birch_log":4,"minecraft:stick":1,"minecraft:wheat_seeds":1,"minecraft:oak_log":1,"minecraft:dirt":12,"minecraft:cobblestone":3},"minecraft:custom":{"minecraft:open_chest":22,"minecraft:time_since_rest":45687,"minecraft:crouch_one_cm":2783,"minecraft:play_time":45687,"minecraft:sprint_one_cm":41091,"minecraft:damage_taken":70,"minecraft:walk_one_cm":26418,"minecraft:sneak_time":920,"minecraft:mob_kills":1,"minecraft:drop":1,"minecraft:jump":181,"minecraft:damage_dealt":121,"minecraft:leave_game":9,"minecraft:time_since_death":45687,"minecraft:total_world_time":45687,"minecraft:climb_one_cm":1237,"minecraft:interact_with_crafting_table":1,"minecraft:fall_one_cm":5634,"minecraft:fly_one_cm":250636}},"DataVersion":3337}