{"stats":{"minecraft:custom":{"minecraft:interact_with_smithing_table":3,"minecraft:mob_kills":84,"minecraft:interact_with_crafting_table":95,"minecraft:open_barrel":2,"minecraft:leave_game":10,"minecraft:time_since_death":215532,"minecraft:climb_one_cm":16125,"minecraft:sprint_one_cm":651572,"minecraft:walk_one_cm":456497,"minecraft:damage_blocked_by_shield":270,"minecraft:drop":62,"minecraft:talked_to_villager":5,"minecraft:play_time":238878,"minecraft:sneak_time":19649,"minecraft:deaths":3,"minecraft:walk_under_water_one_cm":13438,"minecraft:boat_one_cm":67778,"minecraft:jump":3942,"minecraft:walk_on_water_one_cm":20641,"minecraft:total_world_time":238878,"minecraft:interact_with_furnace":72,"minecraft:tune_noteblock":1,"minecraft:interact_with_stonecutter":1,"minecraft:sleep_in_bed":16,"minecraft:time_since_rest":8466,"minecraft:damage_taken":2731,"minecraft:damage_dealt":14507,"minecraft:swim_one_cm":33037,"minecraft:player_kills":11,"minecraft:fly_one_cm":938350,"minecraft:open_chest":138,"minecraft:crouch_one_cm":62537,"minecraft:fall_one_cm":123463,"minecraft:inspect_dispenser":2},"minecraft:crafted":{"minecraft:oak_planks":176,"minecraft:furnace":7,"travelersbackpack:gold_tier_upgrade":3,"minecraft:white_carpet":3,"travelersbackpack:blank_upgrade":8,"minecraft:cooked_mutton":5,"minecraft:glass":37,"minecraft:iron_boots":2,"minecraft:iron_axe":7,"minecraft:iron_hoe":2,"minecraft:stone_pickaxe":8,"minecraft:chest":56,"minecraft:acacia_fence":6,"minecraft:stone_hoe":2,"minecraft:wheat":1476,"minecraft:red_dye":24,"travelersbackpack:iron_tier_upgrade":2,"minecraft:crafting_table":6,"travelersbackpack:backpack_tank":12,"minecraft:iron_helmet":2,"travelersbackpack:standard":4,"minecraft:iron_sword":2,"minecraft:smithing_table":2,"minecraft:red_wool":24,"minecraft:bucket":2,"minecraft:stone_axe":6,"minecraft:bread":528,"minecraft:acacia_boat":2,"minecraft:air":0,"minecraft:jungle_planks":452,"travelersbackpack:red_sleeping_bag":8,"minecraft:oak_boat":1,"minecraft:iron_chestplate":2,"minecraft:charcoal":6,"minecraft:shield":2,"minecraft:stick":60,"minecraft:iron_ingot":57,"minecraft:iron_pickaxe":4,"minecraft:wooden_axe":2,"minecraft:iron_leggings":2,"minecraft:iron_shovel":5,"minecraft:gold_ingot":6,"minecraft:white_bed":8,"minecraft:acacia_planks":892,"minecraft:shears":1},"minecraft:picked_up":{"minecraft:wooden_axe":1,"minecraft:cocoa_beans":7,"minecraft:crafting_table":8,"minecraft:wheat":11,"minecraft:clay_ball":16,"minecraft:redstone_block":2,"minecraft:ladder":3,"minecraft:yellow_wool":9,"minecraft:oak_stairs":182,"minecraft:oak_trapdoor":6,"minecraft:string":2,"minecraft:red_bed":1,"minecraft:cobbled_deepslate":38,"minecraft:spruce_planks":8,"minecraft:beef":65,"minecraft:oak_boat":1,"minecraft:jungle_sapling":10,"minecraft:poppy":14,"minecraft:spruce_slab":3,"minecraft:lectern":1,"minecraft:coal_block":8,"minecraft:sugar_cane":6,"minecraft:chest":1,"minecraft:birch_sapling":13,"minecraft:furnace":4,"minecraft:egg":3,"minecraft:stick":69,"minecraft:raw_iron":57,"minecraft:oak_door":5,"minecraft:acacia_fence":8,"minecraft:composter":5,"minecraft:oak_fence":50,"minecraft:torch":34,"croptopia:rutabaga":1,"minecraft:acacia_log":207,"minecraft:porkchop":2,"minecraft:stone_button":1,"minecraft:diorite":4,"minecraft:carrot":26,"minecraft:redstone":42,"minecraft:cauldron":4,"minecraft:purple_terracotta":1,"minecraft:arrow":19,"minecraft:rotten_flesh":8,"minecraft:hay_block":133,"minecraft:white_terracotta":47,"croptopia:salt":9,"minecraft:mutton":36,"minecraft:bone_block":120,"minecraft:white_wool":43,"minecraft:cobblestone":157,"minecraft:birch_log":19,"minecraft:jungle_log":182,"minecraft:leather":48,"croptopia:greenonion_seed":2,"travelersbackpack:red_sleeping_bag":2,"minecraft:chiseled_quartz_block":1,"minecraft:acacia_wood":16,"minecraft:potato":13,"minecraft:oak_log":187,"minecraft:cobblestone_stairs":3,"minecraft:acacia_boat":4,"minecraft:lapis_lazuli":16,"minecraft:dirt":537,"minecraft:glass":30,"minecraft:bone":13,"minecraft:acacia_planks":214,"minecraft:apple":11,"minecraft:stonecutter":2,"minecraft:wheat_seeds":107,"minecraft:raw_gold":9,"minecraft:bell":4,"minecraft:iron_ingot":12,"minecraft:stone_pickaxe":2,"minecraft:stripped_oak_wood":2,"minecraft:bamboo":10,"minecraft:acacia_sapling":97,"minecraft:stone_hoe":2,"minecraft:oak_planks":192,"minecraft:book":24,"minecraft:oak_slab":18,"minecraft:pumpkin":2,"minecraft:dandelion":4,"minecraft:oak_pressure_plate":1,"minecraft:sand":104,"minecraft:jungle_planks":2,"croptopia:rutabaga_seed":2,"minecraft:white_bed":16,"minecraft:green_carpet":2,"minecraft:mossy_cobblestone":9,"travelersbackpack:standard":1,"minecraft:light_gray_concrete":2,"minecraft:diamond":10,"minecraft:bone_meal":2,"minecraft:bread":51,"minecraft:terracotta":2,"pfm:furniture_book":3,"minecraft:oak_sapling":40,"minecraft:acacia_slab":12,"minecraft:coal":85,"croptopia:greenonion":1},"minecraft:mined":{"minecraft:spruce_planks":6,"minecraft:white_bed":12,"minecraft:farmland":28,"minecraft:mossy_cobblestone":9,"minecraft:deepslate_diamond_ore":4,"minecraft:oak_door":5,"minecraft:cobblestone_stairs":3,"travelersbackpack:red_sleeping_bag":2,"minecraft:acacia_log":135,"minecraft:grass_block":182,"minecraft:jungle_planks":2,"minecraft:jungle_log":182,"minecraft:redstone_wire":1,"minecraft:oak_pressure_plate":1,"minecraft:coal_block":8,"minecraft:acacia_slab":11,"minecraft:composter":5,"minecraft:spawner":4,"minecraft:hay_block":115,"minecraft:oak_trapdoor":6,"minecraft:carrots":10,"minecraft:furnace":4,"minecraft:iron_ore":44,"minecraft:cobbled_deepslate":9,"minecraft:acacia_wood":16,"minecraft:pumpkin":2,"minecraft:deepslate_lapis_ore":1,"minecraft:bell":2,"minecraft:potatoes":3,"minecraft:bookshelf":8,"minecraft:dirt_path":116,"minecraft:vine":9,"croptopia:apple_crop":8,"minecraft:deepslate_iron_ore":13,"minecraft:water_cauldron":4,"minecraft:oak_stairs":182,"minecraft:light_gray_concrete":2,"croptopia:greenonion_crop":1,"minecraft:bamboo":1,"minecraft:stone":57,"minecraft:bone_block":40,"minecraft:white_wool":9,"minecraft:spruce_slab":2,"minecraft:tripwire":2,"minecraft:podzol":1,"minecraft:deepslate_redstone_ore":9,"minecraft:oak_slab":18,"minecraft:acacia_leaves":4,"minecraft:redstone_block":2,"minecraft:glass_pane":10,"minecraft:red_bed":1,"minecraft:clay":4,"minecraft:dandelion":4,"minecraft:oak_fence":50,"travelersbackpack:standard":1,"minecraft:chiseled_quartz_block":1,"minecraft:crafting_table":7,"minecraft:poppy":13,"minecraft:chest":1,"minecraft:lectern":1,"minecraft:tall_grass":12,"minecraft:cobblestone":80,"minecraft:deepslate_gold_ore":7,"minecraft:lapis_ore":1,"minecraft:oak_planks":192,"minecraft:sugar_cane":4,"minecraft:white_terracotta":47,"minecraft:birch_log":19,"minecraft:yellow_wool":9,"minecraft:wheat":27,"minecraft:stripped_oak_wood":2,"minecraft:grass":240,"minecraft:oak_log":189,"minecraft:coal_ore":85,"croptopia:salt_ore":2,"minecraft:acacia_fence":8,"minecraft:sand":107,"minecraft:dirt":174,"croptopia:rutabaga_crop":1,"minecraft:terracotta":2,"minecraft:acacia_planks":31,"minecraft:stonecutter":2,"minecraft:gold_ore":2,"minecraft:oak_leaves":17,"minecraft:deepslate":31,"minecraft:fern":40},"minecraft:dropped":{"minecraft:stone_hoe":1,"minecraft:wheat_seeds":54,"croptopia:rutabaga":1,"minecraft:diamond":6,"minecraft:cobblestone":1,"croptopia:salt":9,"minecraft:dirt":1,"minecraft:stone_button":1,"minecraft:wooden_axe":1,"croptopia:rutabaga_seed":2,"minecraft:acacia_planks":1,"minecraft:cauldron":4,"minecraft:rotten_flesh":7,"minecraft:light_gray_concrete":2,"minecraft:filled_map":2,"croptopia:greenonion_seed":2,"minecraft:acacia_sapling":1,"minecraft:oak_sapling":2,"minecraft:arrow":17,"croptopia:greenonion":1,"minecraft:egg":2},"minecraft:killed":{"minecraft:spider":2,"minecraft:skeleton":17,"minecraft:horse":4,"minecraft:magma_cube":2,"minecraft:pig":1,"minecraft:iron_golem":1,"minecraft:sheep":12,"minecraft:zombie":8,"minecraft:player":8,"minecraft:cow":37},"minecraft:killed_by":{"minecraft:iron_golem":1,"minecraft:skeleton":1},"minecraft:broken":{"minecraft:iron_shovel":2,"minecraft:stone_pickaxe":1,"minecraft:iron_axe":3,"minecraft:stone_axe":1,"minecraft:iron_pickaxe":1},"minecraft:used":{"minecraft:iron_shovel":585,"minecraft:acacia_log":1,"minecraft:spruce_slab":1,"minecraft:poppy":2,"minecraft:chest":25,"minecraft:spruce_planks":4,"minecraft:shield":4,"minecraft:iron_sword":216,"minecraft:bell":2,"minecraft:stone_hoe":107,"minecraft:dirt":113,"minecraft:white_carpet":2,"minecraft:jungle_planks":136,"minecraft:iron_hoe":20,"minecraft:wooden_axe":35,"minecraft:lava_bucket":24,"minecraft:iron_axe":974,"minecraft:acacia_slab":3,"travelersbackpack:red_sleeping_bag":2,"minecraft:hay_block":1,"minecraft:furnace":6,"minecraft:acacia_fence":3,"minecraft:egg":1,"minecraft:cobbled_deepslate":29,"minecraft:acacia_planks":276,"minecraft:cooked_mutton":2,"minecraft:wheat_seeds":1,"minecraft:acacia_boat":1,"minecraft:water_bucket":20,"minecraft:diorite":4,"minecraft:stone_pickaxe":148,"minecraft:oak_planks":18,"minecraft:sand":8,"minecraft:red_bed":1,"minecraft:crafting_table":13,"minecraft:white_bed":15,"minecraft:chiseled_quartz_block":1,"minecraft:purple_terracotta":1,"minecraft:shears":18,"minecraft:iron_pickaxe":337,"minecraft:bread":61,"minecraft:stone_axe":206,"minecraft:cobblestone":6,"travelersbackpack:standard":5,"minecraft:smithing_table":1,"minecraft:bucket":53,"minecraft:oak_boat":1,"minecraft:dandelion":1}},"DataVersion":3337}