{"stats":{"minecraft:killed":{"minecraft:horse":1,"minecraft:player":3},"minecraft:used":{"minecraft:diorite":2,"minecraft:spruce_planks":1,"minecraft:wooden_pickaxe":18,"minecraft:glow_berries":8,"minecraft:dirt":8,"minecraft:crafting_table":1,"minecraft:wooden_axe":58,"minecraft:acacia_door":8,"minecraft:bread":10,"minecraft:iron_pickaxe":113,"minecraft:stone_axe":217,"minecraft:cobblestone":9,"minecraft:acacia_planks":20},"minecraft:broken":{"minecraft:stone_axe":1},"minecraft:killed_by":{"minecraft:player":6,"minecraft:skeleton":11,"minecraft:creeper":1,"minecraft:pillager":1},"minecraft:mined":{"minecraft:spruce_planks":5,"minecraft:mossy_cobblestone":1,"minecraft:jungle_slab":2,"minecraft:brewing_stand":2,"minecraft:torch":2,"minecraft:purple_terracotta":1,"minecraft:acacia_log":153,"minecraft:grass_block":10,"minecraft:tall_grass":2,"minecraft:cobblestone":3,"minecraft:birch_slab":1,"minecraft:oak_planks":3,"minecraft:diorite":19,"minecraft:hay_block":17,"minecraft:iron_ore":8,"minecraft:wheat":9,"minecraft:fire":1,"minecraft:brown_wall_banner":8,"minecraft:andesite":6,"minecraft:grass":44,"minecraft:oak_log":33,"minecraft:water_cauldron":2,"minecraft:dirt_path":5,"minecraft:acacia_door":9,"minecraft:dirt":30,"minecraft:acacia_planks":2,"minecraft:stonecutter":1,"minecraft:stone":61,"minecraft:oak_leaves":2,"minecraft:spruce_slab":1,"minecraft:orange_bed":2},"minecraft:crafted":{"minecraft:oak_planks":72,"minecraft:crafting_table":1,"minecraft:wooden_pickaxe":3,"minecraft:stick":8,"minecraft:iron_pickaxe":2,"minecraft:wooden_axe":3,"minecraft:acacia_planks":16},"minecraft:dropped":{"minecraft:stone_axe":1,"minecraft:wheat_seeds":15,"minecraft:oak_log":5,"minecraft:feather":4,"minecraft:cobblestone":1,"minecraft:apple":4,"minecraft:birch_slab":1,"minecraft:wooden_axe":1,"minecraft:oak_sapling":10,"minecraft:acacia_sapling":1,"pfm:furniture_book":1,"minecraft:orange_bed":1},"minecraft:custom":{"minecraft:mob_kills":1,"minecraft:interact_with_crafting_table":4,"minecraft:open_barrel":2,"minecraft:interact_with_stonecutter":1,"minecraft:leave_game":3,"minecraft:time_since_death":417,"minecraft:sleep_in_bed":2,"minecraft:climb_one_cm":2606,"minecraft:time_since_rest":467,"minecraft:sprint_one_cm":327642,"minecraft:damage_taken":6562,"minecraft:walk_one_cm":152002,"minecraft:drop":45,"minecraft:damage_dealt":1243,"minecraft:player_kills":4,"minecraft:swim_one_cm":116702,"minecraft:talked_to_villager":2,"minecraft:fly_one_cm":317820,"minecraft:open_chest":29,"minecraft:crouch_one_cm":559,"minecraft:play_time":81947,"minecraft:sneak_time":173,"minecraft:deaths":24,"minecraft:walk_under_water_one_cm":11533,"minecraft:boat_one_cm":7283,"minecraft:interact_with_brewingstand":1,"minecraft:jump":1549,"minecraft:walk_on_water_one_cm":15905,"minecraft:total_world_time":81947,"minecraft:fall_one_cm":66331},"minecraft:picked_up":{"minecraft:wooden_axe":1,"minecraft:crafting_table":1,"minecraft:wheat":9,"minecraft:feather":5,"minecraft:birch_slab":1,"minecraft:andesite":6,"minecraft:flint":1,"minecraft:oak_log":38,"minecraft:brewing_stand":2,"minecraft:gunpowder":1,"minecraft:acacia_boat":1,"minecraft:dirt":48,"minecraft:acacia_door":9,"minecraft:raw_copper":2,"minecraft:bone":18,"minecraft:acacia_planks":152,"minecraft:apple":6,"minecraft:stonecutter":2,"minecraft:wheat_seeds":59,"minecraft:gold_nugget":15,"minecraft:cobbled_deepslate":2,"minecraft:spruce_planks":4,"minecraft:beef":4,"minecraft:jungle_sapling":4,"minecraft:iron_pickaxe":1,"minecraft:oak_planks":3,"minecraft:acacia_sapling":79,"minecraft:egg":1,"minecraft:stick":57,"minecraft:raw_iron":8,"minecraft:composter":6,"minecraft:torch":3,"minecraft:acacia_log":189,"minecraft:gravel":3,"minecraft:diorite":21,"minecraft:white_bed":1,"minecraft:jungle_slab":4,"minecraft:cauldron":2,"minecraft:mossy_cobblestone":2,"minecraft:orange_bed":1,"minecraft:arrow":4,"minecraft:stone_axe":2,"minecraft:hay_block":17,"minecraft:granite":1,"minecraft:yellow_terracotta":1,"pfm:furniture_book":1,"minecraft:oak_sapling":27,"minecraft:brown_banner":8,"minecraft:mutton":2,"minecraft:coal":23,"minecraft:white_wool":4,"minecraft:cobblestone":76}},"DataVersion":3337}