{
  "pfm:grant_book_on_first_join": {
    "criteria": {
      "tick": "2024-07-21 04:15:43 +0000"
    },
    "done": true
  },
  "minecraft:recipes/decorations/crafting_table": {
    "criteria": {
      "unlock_right_away": "2024-07-21 04:15:44 +0000"
    },
    "done": true
  },
  "dungeons_arise:wda_root": {
    "criteria": {
      "WDA": "2024-07-21 04:15:44 +0000"
    },
    "done": true
  },
  "minecraft:adventure/adventuring_time": {
    "criteria": {
      "minecraft:bamboo_jungle": "2024-07-21 04:47:26 +0000",
      "minecraft:beach": "2024-07-21 04:16:02 +0000",
      "minecraft:sparse_jungle": "2024-07-21 04:49:22 +0000",
      "minecraft:lukewarm_ocean": "2024-07-21 04:19:41 +0000",
      "minecraft:river": "2024-07-21 04:24:59 +0000",
      "minecraft:forest": "2024-07-21 04:31:05 +0000",
      "minecraft:jungle": "2024-07-21 04:42:14 +0000",
      "minecraft:savanna": "2024-07-21 04:16:04 +0000",
      "minecraft:plains": "2024-07-21 04:50:04 +0000"
    },
    "done": false
  },
  "minecraft:recipes/building_blocks/red_concrete_powder": {
    "criteria": {
      "has_sand": "2024-07-21 04:16:20 +0000"
    },
    "done": true
  },
  "minecraft:recipes/building_blocks/green_concrete_powder": {
    "criteria": {
      "has_sand": "2024-07-21 04:16:20 +0000"
    },
    "done": true
  },
  "minecraft:recipes/building_blocks/blue_concrete_powder": {
    "criteria": {
      "has_sand": "2024-07-21 04:16:20 +0000"
    },
    "done": true
  },
  "minecraft:recipes/building_blocks/lime_concrete_powder": {
    "criteria": {
      "has_sand": "2024-07-21 04:16:20 +0000"
    },
    "done": true
  },
  "minecraft:recipes/building_blocks/orange_concrete_powder": {
    "criteria": {
      "has_sand": "2024-07-21 04:16:20 +0000"
    },
    "done": true
  },
  "minecraft:recipes/building_blocks/magenta_concrete_powder": {
    "criteria": {
      "has_sand": "2024-07-21 04:16:20 +0000"
    },
    "done": true
  },
  "minecraft:recipes/building_blocks/black_concrete_powder": {
    "criteria": {
      "has_sand": "2024-07-21 04:16:20 +0000"
    },
    "done": true
  },
  "minecraft:recipes/building_blocks/purple_concrete_powder": {
    "criteria": {
      "has_sand": "2024-07-21 04:16:20 +0000"
    },
    "done": true
  },
  "minecraft:recipes/building_blocks/cyan_concrete_powder": {
    "criteria": {
      "has_sand": "2024-07-21 04:16:20 +0000"
    },
    "done": true
  },
  "minecraft:recipes/building_blocks/light_gray_concrete_powder": {
    "criteria": {
      "has_sand": "2024-07-21 04:16:20 +0000"
    },
    "done": true
  },
  "minecraft:recipes/building_blocks/pink_concrete_powder": {
    "criteria": {
      "has_sand": "2024-07-21 04:16:20 +0000"
    },
    "done": true
  },
  "minecraft:recipes/building_blocks/brown_concrete_powder": {
    "criteria": {
      "has_sand": "2024-07-21 04:16:20 +0000"
    },
    "done": true
  },
  "minecraft:recipes/building_blocks/light_blue_concrete_powder": {
    "criteria": {
      "has_sand": "2024-07-21 04:16:20 +0000"
    },
    "done": true
  },
  "minecraft:recipes/building_blocks/glass": {
    "criteria": {
      "has_smelts_to_glass": "2024-07-21 04:16:20 +0000"
    },
    "done": true
  },
  "minecraft:recipes/building_blocks/white_concrete_powder": {
    "criteria": {
      "has_sand": "2024-07-21 04:16:20 +0000"
    },
    "done": true
  },
  "minecraft:recipes/building_blocks/yellow_concrete_powder": {
    "criteria": {
      "has_sand": "2024-07-21 04:16:20 +0000"
    },
    "done": true
  },
  "minecraft:recipes/building_blocks/sandstone": {
    "criteria": {
      "has_sand": "2024-07-21 04:16:20 +0000"
    },
    "done": true
  },
  "minecraft:recipes/building_blocks/gray_concrete_powder": {
    "criteria": {
      "has_sand": "2024-07-21 04:16:20 +0000"
    },
    "done": true
  },
  "pfm:recipes/furniture/acacia_kitchen_wall_counter": {
    "criteria": {
      "has_planks": "2024-07-21 04:16:46 +0000"
    },
    "done": true
  },
  "pfm:recipes/furniture/acacia_raw_table_log": {
    "criteria": {
      "has_log": "2024-07-21 04:16:46 +0000"
    },
    "done": true
  },
  "pfm:recipes/furniture/acacia_kitchen_wall_drawer": {
    "criteria": {
      "has_planks": "2024-07-21 04:16:46 +0000"
    },
    "done": true
  },
  "pfm:recipes/furniture/acacia_kitchen_wall_small_drawer": {
    "criteria": {
      "has_planks": "2024-07-21 04:16:46 +0000"
    },
    "done": true
  },
  "minecraft:recipes/misc/charcoal": {
    "criteria": {
      "has_log": "2024-07-21 04:16:46 +0000"
    },
    "done": true
  },
  "pfm:recipes/furniture/acacia_kitchen_counter_oven": {
    "criteria": {
      "has_planks": "2024-07-21 04:16:46 +0000"
    },
    "done": true
  },
  "minecraft:recipes/building_blocks/acacia_wood": {
    "criteria": {
      "has_log": "2024-07-21 04:16:46 +0000"
    },
    "done": true
  },
  "pfm:recipes/furniture/acacia_kitchen_cabinet": {
    "criteria": {
      "has_planks": "2024-07-21 04:16:46 +0000"
    },
    "done": true
  },
  "pfm:recipes/furniture/acacia_log_stool": {
    "criteria": {
      "has_log": "2024-07-21 04:16:46 +0000"
    },
    "done": true
  },
  "pfm:recipes/furniture/acacia_kitchen_drawer": {
    "criteria": {
      "has_planks": "2024-07-21 04:16:46 +0000"
    },
    "done": true
  },
  "pfm:recipes/furniture/acacia_kitchen_sink": {
    "criteria": {
      "has_planks": "2024-07-21 04:16:46 +0000"
    },
    "done": true
  },
  "pfm:recipes/furniture/acacia_kitchen_counter": {
    "criteria": {
      "has_planks": "2024-07-21 04:16:46 +0000"
    },
    "done": true
  },
  "minecraft:recipes/building_blocks/acacia_planks": {
    "criteria": {
      "has_log": "2024-07-21 04:16:46 +0000"
    },
    "done": true
  },
  "minecraft:recipes/redstone/acacia_button": {
    "criteria": {
      "has_planks": "2024-07-21 04:16:57 +0000"
    },
    "done": true
  },
  "pfm:recipes/furniture/acacia_modern_stool": {
    "criteria": {
      "has_planks": "2024-07-21 04:16:57 +0000"
    },
    "done": true
  },
  "minecraft:recipes/misc/stick": {
    "criteria": {
      "has_planks": "2024-07-21 04:16:57 +0000"
    },
    "done": true
  },
  "pfm:recipes/furniture/acacia_chair": {
    "criteria": {
      "has_planks": "2024-07-21 04:16:57 +0000"
    },
    "done": true
  },
  "pfm:recipes/root": {
    "criteria": {
      "has_planks": "2024-07-21 04:16:57 +0000"
    },
    "done": true
  },
  "minecraft:recipes/building_blocks/acacia_stairs": {
    "criteria": {
      "has_planks": "2024-07-21 04:16:57 +0000"
    },
    "done": true
  },
  "pfm:recipes/furniture/acacia_classic_nightstand": {
    "criteria": {
      "has_planks": "2024-07-21 04:16:57 +0000"
    },
    "done": true
  },
  "minecraft:recipes/redstone/acacia_door": {
    "criteria": {
      "has_planks": "2024-07-21 04:16:57 +0000"
    },
    "done": true
  },
  "pfm:recipes/furniture/acacia_table_dinner": {
    "criteria": {
      "has_planks": "2024-07-21 04:16:57 +0000"
    },
    "done": true
  },
  "minecraft:recipes/decorations/acacia_sign": {
    "criteria": {
      "has_planks": "2024-07-21 04:16:57 +0000"
    },
    "done": true
  },
  "pfm:recipes/furniture/acacia_table_log": {
    "criteria": {
      "has_log": "2024-07-21 04:16:57 +0000"
    },
    "done": true
  },
  "pfm:recipes/furniture/acacia_simple_bunk_ladder": {
    "criteria": {
      "has_planks": "2024-07-21 04:16:57 +0000"
    },
    "done": true
  },
  "pfm:recipes/furniture/acacia_classic_stool": {
    "criteria": {
      "has_planks": "2024-07-21 04:16:57 +0000"
    },
    "done": true
  },
  "pfm:recipes/furniture/acacia_chair_modern": {
    "criteria": {
      "has_planks": "2024-07-21 04:16:57 +0000"
    },
    "done": true
  },
  "minecraft:recipes/decorations/barrel": {
    "criteria": {
      "has_planks": "2024-07-21 04:16:57 +0000"
    },
    "done": true
  },
  "pfm:recipes/furniture/acacia_table_classic": {
    "criteria": {
      "has_planks": "2024-07-21 04:16:57 +0000"
    },
    "done": true
  },
  "minecraft:recipes/redstone/acacia_pressure_plate": {
    "criteria": {
      "has_planks": "2024-07-21 04:16:57 +0000"
    },
    "done": true
  },
  "pfm:recipes/furniture/acacia_chair_classic": {
    "criteria": {
      "has_planks": "2024-07-21 04:16:57 +0000"
    },
    "done": true
  },
  "minecraft:recipes/building_blocks/acacia_slab": {
    "criteria": {
      "has_planks": "2024-07-21 04:16:57 +0000"
    },
    "done": true
  },
  "minecraft:recipes/redstone/acacia_trapdoor": {
    "criteria": {
      "has_planks": "2024-07-21 04:16:57 +0000"
    },
    "done": true
  },
  "pfm:recipes/furniture/acacia_simple_stool": {
    "criteria": {
      "has_planks": "2024-07-21 04:16:57 +0000"
    },
    "done": true
  },
  "minecraft:recipes/redstone/acacia_fence_gate": {
    "criteria": {
      "has_planks": "2024-07-21 04:16:57 +0000"
    },
    "done": true
  },
  "pfm:recipes/furniture/acacia_table_basic": {
    "criteria": {
      "has_planks": "2024-07-21 04:16:57 +0000"
    },
    "done": true
  },
  "minecraft:recipes/decorations/acacia_fence": {
    "criteria": {
      "has_planks": "2024-07-21 04:16:57 +0000"
    },
    "done": true
  },
  "pfm:recipes/furniture/acacia_chair_dinner": {
    "criteria": {
      "has_planks": "2024-07-21 04:16:57 +0000"
    },
    "done": true
  },
  "pfm:recipes/furniture/acacia_table_modern_dinner": {
    "criteria": {
      "has_planks": "2024-07-21 04:16:57 +0000"
    },
    "done": true
  },
  "minecraft:story/root": {
    "criteria": {
      "crafting_table": "2024-07-21 04:17:00 +0000"
    },
    "done": true
  },
  "minecraft:recipes/decorations/ladder": {
    "criteria": {
      "has_stick": "2024-07-21 04:17:18 +0000"
    },
    "done": true
  },
  "minecraft:recipes/tools/wooden_axe": {
    "criteria": {
      "has_stick": "2024-07-21 04:17:18 +0000"
    },
    "done": true
  },
  "minecraft:recipes/decorations/campfire": {
    "criteria": {
      "has_stick": "2024-07-21 04:17:18 +0000"
    },
    "done": true
  },
  "minecraft:recipes/tools/wooden_hoe": {
    "criteria": {
      "has_stick": "2024-07-21 04:17:18 +0000"
    },
    "done": true
  },
  "minecraft:recipes/tools/wooden_shovel": {
    "criteria": {
      "has_stick": "2024-07-21 04:17:18 +0000"
    },
    "done": true
  },
  "minecraft:recipes/combat/wooden_sword": {
    "criteria": {
      "has_stick": "2024-07-21 04:17:18 +0000"
    },
    "done": true
  },
  "minecraft:recipes/tools/wooden_pickaxe": {
    "criteria": {
      "has_stick": "2024-07-21 04:17:18 +0000"
    },
    "done": true
  },
  "minecraft:recipes/decorations/chest": {
    "criteria": {
      "has_lots_of_items": "2024-07-21 04:17:33 +0000"
    },
    "done": true
  },
  "minecraft:recipes/building_blocks/blue_wool": {
    "criteria": {
      "has_white_wool": "2024-07-21 04:17:39 +0000"
    },
    "done": true
  },
  "minecraft:recipes/food/cooked_mutton_from_smoking": {
    "criteria": {
      "has_mutton": "2024-07-21 04:17:39 +0000"
    },
    "done": true
  },
  "minecraft:recipes/building_blocks/light_blue_wool": {
    "criteria": {
      "has_white_wool": "2024-07-21 04:17:39 +0000"
    },
    "done": true
  },
  "minecraft:recipes/building_blocks/red_wool": {
    "criteria": {
      "has_white_wool": "2024-07-21 04:17:39 +0000"
    },
    "done": true
  },
  "minecraft:recipes/building_blocks/pink_wool": {
    "criteria": {
      "has_white_wool": "2024-07-21 04:17:39 +0000"
    },
    "done": true
  },
  "minecraft:recipes/building_blocks/yellow_wool": {
    "criteria": {
      "has_white_wool": "2024-07-21 04:17:39 +0000"
    },
    "done": true
  },
  "handcrafted:recipes/misc/white_sheet": {
    "criteria": {
      "has_sheet": "2024-07-21 04:17:39 +0000"
    },
    "done": true
  },
  "minecraft:recipes/building_blocks/brown_wool": {
    "criteria": {
      "has_white_wool": "2024-07-21 04:17:39 +0000"
    },
    "done": true
  },
  "pfm:recipes/furniture/white_shower_towel": {
    "criteria": {
      "has_white_wool": "2024-07-21 04:17:39 +0000"
    },
    "done": true
  },
  "minecraft:adventure/root": {
    "criteria": {
      "killed_something": "2024-07-21 04:17:39 +0000"
    },
    "done": true
  },
  "minecraft:recipes/building_blocks/black_wool": {
    "criteria": {
      "has_white_wool": "2024-07-21 04:17:39 +0000"
    },
    "done": true
  },
  "minecraft:recipes/decorations/white_bed": {
    "criteria": {
      "has_white_wool": "2024-07-21 04:17:39 +0000"
    },
    "done": true
  },
  "minecraft:recipes/building_blocks/light_gray_wool": {
    "criteria": {
      "has_white_wool": "2024-07-21 04:17:39 +0000"
    },
    "done": true
  },
  "minecraft:recipes/decorations/painting": {
    "criteria": {
      "has_wool": "2024-07-21 04:17:39 +0000"
    },
    "done": true
  },
  "handcrafted:recipes/misc/white_cushion": {
    "criteria": {
      "has_cushion": "2024-07-21 04:17:39 +0000"
    },
    "done": true
  },
  "minecraft:recipes/building_blocks/gray_wool": {
    "criteria": {
      "has_white_wool": "2024-07-21 04:17:39 +0000"
    },
    "done": true
  },
  "minecraft:recipes/decorations/white_carpet": {
    "criteria": {
      "has_white_wool": "2024-07-21 04:17:39 +0000"
    },
    "done": true
  },
  "minecraft:recipes/building_blocks/magenta_wool": {
    "criteria": {
      "has_white_wool": "2024-07-21 04:17:39 +0000"
    },
    "done": true
  },
  "minecraft:recipes/food/cooked_mutton": {
    "criteria": {
      "has_mutton": "2024-07-21 04:17:39 +0000"
    },
    "done": true
  },
  "minecraft:recipes/building_blocks/purple_wool": {
    "criteria": {
      "has_white_wool": "2024-07-21 04:17:39 +0000"
    },
    "done": true
  },
  "minecraft:recipes/building_blocks/cyan_wool": {
    "criteria": {
      "has_white_wool": "2024-07-21 04:17:39 +0000"
    },
    "done": true
  },
  "minecraft:recipes/decorations/white_banner": {
    "criteria": {
      "has_white_wool": "2024-07-21 04:17:39 +0000"
    },
    "done": true
  },
  "minecraft:recipes/building_blocks/orange_wool": {
    "criteria": {
      "has_white_wool": "2024-07-21 04:17:39 +0000"
    },
    "done": true
  },
  "minecraft:recipes/food/cooked_mutton_from_campfire_cooking": {
    "criteria": {
      "has_mutton": "2024-07-21 04:17:39 +0000"
    },
    "done": true
  },
  "minecraft:recipes/building_blocks/lime_wool": {
    "criteria": {
      "has_white_wool": "2024-07-21 04:17:39 +0000"
    },
    "done": true
  },
  "pfm:recipes/furniture/oak_chair_classic_white": {
    "criteria": {
      "oak_chair_classic_white": "2024-07-21 04:17:39 +0000"
    },
    "done": true
  },
  "minecraft:recipes/building_blocks/green_wool": {
    "criteria": {
      "has_white_wool": "2024-07-21 04:17:39 +0000"
    },
    "done": true
  },
  "minecraft:recipes/transportation/acacia_boat": {
    "criteria": {
      "in_water": "2024-07-21 04:18:05 +0000"
    },
    "done": true
  },
  "minecraft:recipes/transportation/jungle_boat": {
    "criteria": {
      "in_water": "2024-07-21 04:18:05 +0000"
    },
    "done": true
  },
  "minecraft:recipes/transportation/spruce_boat": {
    "criteria": {
      "in_water": "2024-07-21 04:18:05 +0000"
    },
    "done": true
  },
  "minecraft:recipes/transportation/birch_boat": {
    "criteria": {
      "in_water": "2024-07-21 04:18:05 +0000"
    },
    "done": true
  },
  "minecraft:recipes/transportation/oak_boat": {
    "criteria": {
      "in_water": "2024-07-21 04:18:05 +0000"
    },
    "done": true
  },
  "minecraft:recipes/transportation/mangrove_boat": {
    "criteria": {
      "in_water": "2024-07-21 04:18:05 +0000"
    },
    "done": true
  },
  "minecraft:recipes/transportation/dark_oak_boat": {
    "criteria": {
      "in_water": "2024-07-21 04:18:05 +0000"
    },
    "done": true
  },
  "minecraft:recipes/transportation/spruce_chest_boat": {
    "criteria": {
      "has_boat": "2024-07-21 04:19:28 +0000"
    },
    "done": true
  },
  "minecraft:recipes/transportation/jungle_chest_boat": {
    "criteria": {
      "has_boat": "2024-07-21 04:19:28 +0000"
    },
    "done": true
  },
  "minecraft:recipes/transportation/mangrove_chest_boat": {
    "criteria": {
      "has_boat": "2024-07-21 04:19:28 +0000"
    },
    "done": true
  },
  "minecraft:recipes/transportation/oak_chest_boat": {
    "criteria": {
      "has_boat": "2024-07-21 04:19:28 +0000"
    },
    "done": true
  },
  "minecraft:recipes/transportation/acacia_chest_boat": {
    "criteria": {
      "has_boat": "2024-07-21 04:19:28 +0000"
    },
    "done": true
  },
  "minecraft:recipes/transportation/birch_chest_boat": {
    "criteria": {
      "has_boat": "2024-07-21 04:19:28 +0000"
    },
    "done": true
  },
  "minecraft:recipes/transportation/dark_oak_chest_boat": {
    "criteria": {
      "has_boat": "2024-07-21 04:19:28 +0000"
    },
    "done": true
  },
  "dungeons_arise:find_illager_corsair_or_illager_galley": {
    "criteria": {
      "location0": "2024-07-21 04:20:10 +0000"
    },
    "done": true
  },
  "pfm:recipes/furniture/spruce_table_dinner": {
    "criteria": {
      "has_planks": "2024-07-21 04:20:17 +0000"
    },
    "done": true
  },
  "pfm:recipes/furniture/spruce_classic_stool": {
    "criteria": {
      "has_planks": "2024-07-21 04:20:17 +0000"
    },
    "done": true
  },
  "minecraft:recipes/decorations/spruce_fence": {
    "criteria": {
      "has_planks": "2024-07-21 04:20:17 +0000"
    },
    "done": true
  },
  "minecraft:recipes/redstone/spruce_button": {
    "criteria": {
      "has_planks": "2024-07-21 04:20:17 +0000"
    },
    "done": true
  },
  "pfm:recipes/furniture/spruce_simple_stool": {
    "criteria": {
      "has_planks": "2024-07-21 04:20:17 +0000"
    },
    "done": true
  },
  "minecraft:recipes/redstone/spruce_pressure_plate": {
    "criteria": {
      "has_planks": "2024-07-21 04:20:17 +0000"
    },
    "done": true
  },
  "pfm:recipes/furniture/spruce_chair_classic": {
    "criteria": {
      "has_planks": "2024-07-21 04:20:17 +0000"
    },
    "done": true
  },
  "pfm:recipes/furniture/spruce_chair_dinner": {
    "criteria": {
      "has_planks": "2024-07-21 04:20:17 +0000"
    },
    "done": true
  },
  "pfm:recipes/furniture/spruce_simple_bunk_ladder": {
    "criteria": {
      "has_planks": "2024-07-21 04:20:17 +0000"
    },
    "done": true
  },
  "pfm:recipes/furniture/spruce_table_modern_dinner": {
    "criteria": {
      "has_planks": "2024-07-21 04:20:17 +0000"
    },
    "done": true
  },
  "pfm:recipes/furniture/spruce_table_log": {
    "criteria": {
      "has_log": "2024-07-21 04:20:17 +0000"
    },
    "done": true
  },
  "minecraft:recipes/decorations/spruce_sign": {
    "criteria": {
      "has_planks": "2024-07-21 04:20:17 +0000"
    },
    "done": true
  },
  "minecraft:recipes/building_blocks/spruce_slab": {
    "criteria": {
      "has_planks": "2024-07-21 04:20:17 +0000"
    },
    "done": true
  },
  "pfm:recipes/furniture/spruce_classic_nightstand": {
    "criteria": {
      "has_planks": "2024-07-21 04:20:17 +0000"
    },
    "done": true
  },
  "pfm:recipes/furniture/spruce_modern_stool": {
    "criteria": {
      "has_planks": "2024-07-21 04:20:17 +0000"
    },
    "done": true
  },
  "minecraft:recipes/redstone/spruce_trapdoor": {
    "criteria": {
      "has_planks": "2024-07-21 04:20:17 +0000"
    },
    "done": true
  },
  "minecraft:recipes/redstone/spruce_door": {
    "criteria": {
      "has_planks": "2024-07-21 04:20:17 +0000"
    },
    "done": true
  },
  "pfm:recipes/furniture/spruce_table_classic": {
    "criteria": {
      "has_planks": "2024-07-21 04:20:17 +0000"
    },
    "done": true
  },
  "minecraft:recipes/redstone/spruce_fence_gate": {
    "criteria": {
      "has_planks": "2024-07-21 04:20:17 +0000"
    },
    "done": true
  },
  "pfm:recipes/furniture/spruce_table_basic": {
    "criteria": {
      "has_planks": "2024-07-21 04:20:17 +0000"
    },
    "done": true
  },
  "pfm:recipes/furniture/spruce_chair": {
    "criteria": {
      "has_planks": "2024-07-21 04:20:17 +0000"
    },
    "done": true
  },
  "minecraft:recipes/building_blocks/spruce_stairs": {
    "criteria": {
      "has_planks": "2024-07-21 04:20:17 +0000"
    },
    "done": true
  },
  "pfm:recipes/furniture/spruce_chair_modern": {
    "criteria": {
      "has_planks": "2024-07-21 04:20:17 +0000"
    },
    "done": true
  },
  "minecraft:recipes/decorations/purple_glazed_terracotta": {
    "criteria": {
      "has_purple_terracotta": "2024-07-21 04:20:19 +0000"
    },
    "done": true
  },
  "minecraft:recipes/decorations/composter": {
    "criteria": {
      "has_wood_slab": "2024-07-21 04:20:26 +0000"
    },
    "done": true
  },
  "pfm:recipes/building_blocks/spruce_herringbone_planks": {
    "criteria": {
      "has_wood_slabs": "2024-07-21 04:20:26 +0000"
    },
    "done": true
  },
  "pfm:recipes/furniture/jungle_table_log": {
    "criteria": {
      "has_log": "2024-07-21 04:20:48 +0000"
    },
    "done": true
  },
  "pfm:recipes/furniture/jungle_chair_dinner": {
    "criteria": {
      "has_planks": "2024-07-21 04:20:48 +0000"
    },
    "done": true
  },
  "pfm:recipes/furniture/jungle_table_modern_dinner": {
    "criteria": {
      "has_planks": "2024-07-21 04:20:48 +0000"
    },
    "done": true
  },
  "minecraft:recipes/building_blocks/jungle_stairs": {
    "criteria": {
      "has_planks": "2024-07-21 04:20:48 +0000"
    },
    "done": true
  },
  "pfm:recipes/furniture/jungle_modern_stool": {
    "criteria": {
      "has_planks": "2024-07-21 04:20:48 +0000"
    },
    "done": true
  },
  "minecraft:recipes/redstone/jungle_trapdoor": {
    "criteria": {
      "has_planks": "2024-07-21 04:20:48 +0000"
    },
    "done": true
  },
  "pfm:recipes/furniture/jungle_table_classic": {
    "criteria": {
      "has_planks": "2024-07-21 04:20:48 +0000"
    },
    "done": true
  },
  "minecraft:recipes/decorations/jungle_sign": {
    "criteria": {
      "has_planks": "2024-07-21 04:20:48 +0000"
    },
    "done": true
  },
  "minecraft:recipes/redstone/jungle_door": {
    "criteria": {
      "has_planks": "2024-07-21 04:20:48 +0000"
    },
    "done": true
  },
  "minecraft:recipes/decorations/jungle_fence": {
    "criteria": {
      "has_planks": "2024-07-21 04:20:48 +0000"
    },
    "done": true
  },
  "minecraft:recipes/building_blocks/jungle_slab": {
    "criteria": {
      "has_planks": "2024-07-21 04:20:48 +0000"
    },
    "done": true
  },
  "pfm:recipes/furniture/jungle_classic_stool": {
    "criteria": {
      "has_planks": "2024-07-21 04:20:48 +0000"
    },
    "done": true
  },
  "pfm:recipes/furniture/jungle_table_dinner": {
    "criteria": {
      "has_planks": "2024-07-21 04:20:48 +0000"
    },
    "done": true
  },
  "pfm:recipes/furniture/jungle_chair_modern": {
    "criteria": {
      "has_planks": "2024-07-21 04:20:48 +0000"
    },
    "done": true
  },
  "pfm:recipes/furniture/jungle_chair": {
    "criteria": {
      "has_planks": "2024-07-21 04:20:48 +0000"
    },
    "done": true
  },
  "pfm:recipes/furniture/jungle_classic_nightstand": {
    "criteria": {
      "has_planks": "2024-07-21 04:20:48 +0000"
    },
    "done": true
  },
  "pfm:recipes/furniture/jungle_simple_stool": {
    "criteria": {
      "has_planks": "2024-07-21 04:20:48 +0000"
    },
    "done": true
  },
  "minecraft:recipes/redstone/jungle_button": {
    "criteria": {
      "has_planks": "2024-07-21 04:20:48 +0000"
    },
    "done": true
  },
  "minecraft:recipes/redstone/jungle_fence_gate": {
    "criteria": {
      "has_planks": "2024-07-21 04:20:48 +0000"
    },
    "done": true
  },
  "pfm:recipes/furniture/jungle_chair_classic": {
    "criteria": {
      "has_planks": "2024-07-21 04:20:48 +0000"
    },
    "done": true
  },
  "pfm:recipes/furniture/jungle_simple_bunk_ladder": {
    "criteria": {
      "has_planks": "2024-07-21 04:20:48 +0000"
    },
    "done": true
  },
  "pfm:recipes/furniture/jungle_table_basic": {
    "criteria": {
      "has_planks": "2024-07-21 04:20:48 +0000"
    },
    "done": true
  },
  "minecraft:recipes/redstone/jungle_pressure_plate": {
    "criteria": {
      "has_planks": "2024-07-21 04:20:48 +0000"
    },
    "done": true
  },
  "minecraft:story/mine_stone": {
    "criteria": {
      "get_stone": "2024-07-21 04:22:09 +0000"
    },
    "done": true
  },
  "minecraft:recipes/decorations/furnace": {
    "criteria": {
      "has_cobblestone": "2024-07-21 04:22:09 +0000"
    },
    "done": true
  },
  "minecraft:recipes/building_blocks/cobblestone_slab_from_cobblestone_stonecutting": {
    "criteria": {
      "has_cobblestone": "2024-07-21 04:22:09 +0000"
    },
    "done": true
  },
  "minecraft:recipes/building_blocks/stone": {
    "criteria": {
      "has_cobblestone": "2024-07-21 04:22:09 +0000"
    },
    "done": true
  },
  "pfm:recipes/furniture/stone_kitchen_cabinet": {
    "criteria": {
      "has_planks": "2024-07-21 04:22:09 +0000"
    },
    "done": true
  },
  "pfm:recipes/furniture/stone_kitchen_counter": {
    "criteria": {
      "has_planks": "2024-07-21 04:22:09 +0000"
    },
    "done": true
  },
  "pfm:recipes/furniture/stone_kitchen_drawer": {
    "criteria": {
      "has_planks": "2024-07-21 04:22:09 +0000"
    },
    "done": true
  },
  "pfm:recipes/furniture/stone_kitchen_wall_drawer": {
    "criteria": {
      "has_planks": "2024-07-21 04:22:09 +0000"
    },
    "done": true
  },
  "minecraft:recipes/tools/stone_pickaxe": {
    "criteria": {
      "has_cobblestone": "2024-07-21 04:22:09 +0000"
    },
    "done": true
  },
  "minecraft:recipes/building_blocks/cobblestone_slab": {
    "criteria": {
      "has_cobblestone": "2024-07-21 04:22:09 +0000"
    },
    "done": true
  },
  "minecraft:recipes/decorations/cobblestone_wall_from_cobblestone_stonecutting": {
    "criteria": {
      "has_cobblestone": "2024-07-21 04:22:09 +0000"
    },
    "done": true
  },
  "minecraft:recipes/building_blocks/cobblestone_stairs": {
    "criteria": {
      "has_cobblestone": "2024-07-21 04:22:09 +0000"
    },
    "done": true
  },
  "minecraft:recipes/tools/stone_shovel": {
    "criteria": {
      "has_cobblestone": "2024-07-21 04:22:09 +0000"
    },
    "done": true
  },
  "minecraft:recipes/redstone/lever": {
    "criteria": {
      "has_cobblestone": "2024-07-21 04:22:09 +0000"
    },
    "done": true
  },
  "pfm:recipes/furniture/stone_kitchen_wall_small_drawer": {
    "criteria": {
      "has_planks": "2024-07-21 04:22:09 +0000"
    },
    "done": true
  },
  "minecraft:recipes/combat/stone_sword": {
    "criteria": {
      "has_cobblestone": "2024-07-21 04:22:09 +0000"
    },
    "done": true
  },
  "minecraft:recipes/decorations/cobblestone_wall": {
    "criteria": {
      "has_cobblestone": "2024-07-21 04:22:09 +0000"
    },
    "done": true
  },
  "minecraft:recipes/tools/stone_axe": {
    "criteria": {
      "has_cobblestone": "2024-07-21 04:22:09 +0000"
    },
    "done": true
  },
  "pfm:recipes/furniture/stone_kitchen_wall_counter": {
    "criteria": {
      "has_planks": "2024-07-21 04:22:09 +0000"
    },
    "done": true
  },
  "pfm:recipes/furniture/stone_kitchen_counter_oven": {
    "criteria": {
      "has_planks": "2024-07-21 04:22:09 +0000"
    },
    "done": true
  },
  "pfm:recipes/furniture/stone_kitchen_sink": {
    "criteria": {
      "has_planks": "2024-07-21 04:22:09 +0000"
    },
    "done": true
  },
  "minecraft:recipes/building_blocks/cobblestone_stairs_from_cobblestone_stonecutting": {
    "criteria": {
      "has_cobblestone": "2024-07-21 04:22:09 +0000"
    },
    "done": true
  },
  "minecraft:recipes/tools/stone_hoe": {
    "criteria": {
      "has_cobblestone": "2024-07-21 04:22:09 +0000"
    },
    "done": true
  },
  "minecraft:recipes/decorations/torch": {
    "criteria": {
      "has_stone_pickaxe": "2024-07-21 04:22:12 +0000"
    },
    "done": true
  },
  "minecraft:story/upgrade_tools": {
    "criteria": {
      "stone_pickaxe": "2024-07-21 04:22:12 +0000"
    },
    "done": true
  },
  "pfm:recipes/furniture/dark_oak_white_simple_bed": {
    "criteria": {
      "has_bed": "2024-07-21 04:23:00 +0000"
    },
    "done": true
  },
  "pfm:recipes/furniture/bamboo_white_simple_bed": {
    "criteria": {
      "has_bed": "2024-07-21 04:23:00 +0000"
    },
    "done": true
  },
  "pfm:recipes/furniture/mangrove_white_simple_bed": {
    "criteria": {
      "has_bed": "2024-07-21 04:23:00 +0000"
    },
    "done": true
  },
  "minecraft:recipes/decorations/yellow_bed_from_white_bed": {
    "criteria": {
      "has_bed": "2024-07-21 04:23:00 +0000"
    },
    "done": true
  },
  "minecraft:recipes/decorations/cyan_bed_from_white_bed": {
    "criteria": {
      "has_bed": "2024-07-21 04:23:00 +0000"
    },
    "done": true
  },
  "minecraft:recipes/decorations/magenta_bed_from_white_bed": {
    "criteria": {
      "has_bed": "2024-07-21 04:23:00 +0000"
    },
    "done": true
  },
  "pfm:recipes/furniture/jungle_white_classic_bed": {
    "criteria": {
      "has_bed": "2024-07-21 04:23:00 +0000"
    },
    "done": true
  },
  "pfm:recipes/furniture/acacia_white_classic_bed": {
    "criteria": {
      "has_bed": "2024-07-21 04:23:00 +0000"
    },
    "done": true
  },
  "pfm:recipes/furniture/spruce_white_classic_bed": {
    "criteria": {
      "has_bed": "2024-07-21 04:23:00 +0000"
    },
    "done": true
  },
  "minecraft:recipes/decorations/brown_bed_from_white_bed": {
    "criteria": {
      "has_bed": "2024-07-21 04:23:00 +0000"
    },
    "done": true
  },
  "pfm:recipes/furniture/dark_oak_white_classic_bed": {
    "criteria": {
      "has_bed": "2024-07-21 04:23:00 +0000"
    },
    "done": true
  },
  "pfm:recipes/furniture/warped_white_classic_bed": {
    "criteria": {
      "has_bed": "2024-07-21 04:23:00 +0000"
    },
    "done": true
  },
  "minecraft:recipes/decorations/light_blue_bed_from_white_bed": {
    "criteria": {
      "has_bed": "2024-07-21 04:23:00 +0000"
    },
    "done": true
  },
  "pfm:recipes/furniture/crimson_white_classic_bed": {
    "criteria": {
      "has_bed": "2024-07-21 04:23:00 +0000"
    },
    "done": true
  },
  "pfm:recipes/furniture/spruce_white_simple_bed": {
    "criteria": {
      "has_bed": "2024-07-21 04:23:00 +0000"
    },
    "done": true
  },
  "pfm:recipes/furniture/warped_white_simple_bed": {
    "criteria": {
      "has_bed": "2024-07-21 04:23:00 +0000"
    },
    "done": true
  },
  "minecraft:recipes/decorations/blue_bed_from_white_bed": {
    "criteria": {
      "has_bed": "2024-07-21 04:23:00 +0000"
    },
    "done": true
  },
  "pfm:recipes/furniture/oak_white_simple_bed": {
    "criteria": {
      "has_bed": "2024-07-21 04:23:00 +0000"
    },
    "done": true
  },
  "minecraft:recipes/decorations/black_bed_from_white_bed": {
    "criteria": {
      "has_bed": "2024-07-21 04:23:00 +0000"
    },
    "done": true
  },
  "pfm:recipes/furniture/cherry_white_classic_bed": {
    "criteria": {
      "has_bed": "2024-07-21 04:23:00 +0000"
    },
    "done": true
  },
  "pfm:recipes/furniture/jungle_white_simple_bed": {
    "criteria": {
      "has_bed": "2024-07-21 04:23:00 +0000"
    },
    "done": true
  },
  "minecraft:recipes/decorations/light_gray_bed_from_white_bed": {
    "criteria": {
      "has_bed": "2024-07-21 04:23:00 +0000"
    },
    "done": true
  },
  "pfm:recipes/furniture/birch_white_classic_bed": {
    "criteria": {
      "has_bed": "2024-07-21 04:23:00 +0000"
    },
    "done": true
  },
  "minecraft:recipes/decorations/orange_bed_from_white_bed": {
    "criteria": {
      "has_bed": "2024-07-21 04:23:00 +0000"
    },
    "done": true
  },
  "minecraft:recipes/decorations/lime_bed_from_white_bed": {
    "criteria": {
      "has_bed": "2024-07-21 04:23:00 +0000"
    },
    "done": true
  },
  "pfm:recipes/furniture/birch_white_simple_bed": {
    "criteria": {
      "has_bed": "2024-07-21 04:23:00 +0000"
    },
    "done": true
  },
  "minecraft:recipes/decorations/gray_bed_from_white_bed": {
    "criteria": {
      "has_bed": "2024-07-21 04:23:00 +0000"
    },
    "done": true
  },
  "pfm:recipes/furniture/oak_white_classic_bed": {
    "criteria": {
      "has_bed": "2024-07-21 04:23:00 +0000"
    },
    "done": true
  },
  "minecraft:recipes/decorations/pink_bed_from_white_bed": {
    "criteria": {
      "has_bed": "2024-07-21 04:23:00 +0000"
    },
    "done": true
  },
  "minecraft:recipes/decorations/red_bed_from_white_bed": {
    "criteria": {
      "has_bed": "2024-07-21 04:23:00 +0000"
    },
    "done": true
  },
  "pfm:recipes/furniture/crimson_white_simple_bed": {
    "criteria": {
      "has_bed": "2024-07-21 04:23:00 +0000"
    },
    "done": true
  },
  "pfm:recipes/furniture/mangrove_white_classic_bed": {
    "criteria": {
      "has_bed": "2024-07-21 04:23:00 +0000"
    },
    "done": true
  },
  "minecraft:recipes/decorations/purple_bed_from_white_bed": {
    "criteria": {
      "has_bed": "2024-07-21 04:23:00 +0000"
    },
    "done": true
  },
  "minecraft:recipes/decorations/green_bed_from_white_bed": {
    "criteria": {
      "has_bed": "2024-07-21 04:23:00 +0000"
    },
    "done": true
  },
  "pfm:recipes/furniture/cherry_white_simple_bed": {
    "criteria": {
      "has_bed": "2024-07-21 04:23:00 +0000"
    },
    "done": true
  },
  "pfm:recipes/furniture/bamboo_white_classic_bed": {
    "criteria": {
      "has_bed": "2024-07-21 04:23:00 +0000"
    },
    "done": true
  },
  "pfm:recipes/furniture/acacia_white_simple_bed": {
    "criteria": {
      "has_bed": "2024-07-21 04:23:00 +0000"
    },
    "done": true
  },
  "minecraft:adventure/sleep_in_bed": {
    "criteria": {
      "slept_in_bed": "2024-07-21 04:23:06 +0000"
    },
    "done": true
  },
  "minecraft:recipes/decorations/smoker": {
    "criteria": {
      "has_furnace": "2024-07-21 04:25:23 +0000"
    },
    "done": true
  },
  "minecraft:husbandry/root": {
    "criteria": {
      "consumed_item": "2024-07-21 04:26:10 +0000"
    },
    "done": true
  },
  "minecraft:husbandry/balanced_diet": {
    "criteria": {
      "cooked_mutton": "2024-07-21 04:26:10 +0000",
      "bread": "2024-07-21 04:35:29 +0000"
    },
    "done": false
  },
  "minecraft:recipes/redstone/target": {
    "criteria": {
      "has_hay_block": "2024-07-21 04:30:30 +0000"
    },
    "done": true
  },
  "minecraft:recipes/misc/wheat": {
    "criteria": {
      "has_hay_block": "2024-07-21 04:30:30 +0000"
    },
    "done": true
  },
  "dungeons_arise:find_lighthouse": {
    "criteria": {
      "location0": "2024-07-21 04:31:11 +0000"
    },
    "done": true
  },
  "minecraft:recipes/misc/bone_meal_from_bone_block": {
    "criteria": {
      "has_bone_block": "2024-07-21 04:32:17 +0000"
    },
    "done": true
  },
  "minecraft:recipes/food/bread": {
    "criteria": {
      "has_wheat": "2024-07-21 04:35:18 +0000"
    },
    "done": true
  },
  "minecraft:recipes/building_blocks/hay_block": {
    "criteria": {
      "has_wheat": "2024-07-21 04:35:18 +0000"
    },
    "done": true
  },
  "croptopia:recipes/flour": {
    "criteria": {
      "has_grain": "2024-07-21 04:35:18 +0000"
    },
    "done": true
  },
  "croptopia:recipes/campfire_toast": {
    "criteria": {
      "has_bread": "2024-07-21 04:35:22 +0000"
    },
    "done": true
  },
  "croptopia:recipes/food/toast_from_bread": {
    "criteria": {
      "has_bread": "2024-07-21 04:35:22 +0000"
    },
    "done": true
  },
  "croptopia:recipes/cheeseburger": {
    "criteria": {
      "has_bread": "2024-07-21 04:35:22 +0000"
    },
    "done": true
  },
  "croptopia:recipes/food/toast_from_smoking_bread": {
    "criteria": {
      "has_bread": "2024-07-21 04:35:22 +0000"
    },
    "done": true
  },
  "minecraft:recipes/misc/white_dye": {
    "criteria": {
      "has_bone_meal": "2024-07-21 04:39:54 +0000"
    },
    "done": true
  },
  "minecraft:recipes/building_blocks/bone_block": {
    "criteria": {
      "has_bone_meal": "2024-07-21 04:39:54 +0000"
    },
    "done": true
  },
  "pfm:recipes/furniture/lime_simple_sofa": {
    "criteria": {
      "has_wool": "2024-07-21 04:41:30 +0000"
    },
    "done": true
  },
  "pfm:recipes/furniture/pink_arm_chair": {
    "criteria": {
      "has_wool": "2024-07-21 04:41:30 +0000"
    },
    "done": true
  },
  "pfm:recipes/furniture/orange_arm_chair": {
    "criteria": {
      "has_wool": "2024-07-21 04:41:30 +0000"
    },
    "done": true
  },
  "pfm:recipes/furniture/red_simple_sofa": {
    "criteria": {
      "has_wool": "2024-07-21 04:41:30 +0000"
    },
    "done": true
  },
  "pfm:recipes/furniture/oak_kitchen_wall_drawer": {
    "criteria": {
      "has_planks": "2024-07-21 04:41:30 +0000"
    },
    "done": true
  },
  "pfm:recipes/furniture/magenta_simple_sofa": {
    "criteria": {
      "has_wool": "2024-07-21 04:41:30 +0000"
    },
    "done": true
  },
  "pfm:recipes/furniture/brown_arm_chair": {
    "criteria": {
      "has_wool": "2024-07-21 04:41:30 +0000"
    },
    "done": true
  },
  "pfm:recipes/furniture/purple_simple_sofa": {
    "criteria": {
      "has_wool": "2024-07-21 04:41:30 +0000"
    },
    "done": true
  },
  "pfm:recipes/furniture/green_simple_sofa": {
    "criteria": {
      "has_wool": "2024-07-21 04:41:30 +0000"
    },
    "done": true
  },
  "pfm:recipes/furniture/oak_kitchen_sink": {
    "criteria": {
      "has_planks": "2024-07-21 04:41:30 +0000"
    },
    "done": true
  },
  "pfm:recipes/furniture/blue_arm_chair": {
    "criteria": {
      "has_wool": "2024-07-21 04:41:30 +0000"
    },
    "done": true
  },
  "pfm:recipes/furniture/red_arm_chair": {
    "criteria": {
      "has_wool": "2024-07-21 04:41:30 +0000"
    },
    "done": true
  },
  "pfm:recipes/furniture/arm_chair_leather": {
    "criteria": {
      "has_wool": "2024-07-21 04:41:30 +0000"
    },
    "done": true
  },
  "pfm:recipes/furniture/oak_raw_table_log": {
    "criteria": {
      "has_log": "2024-07-21 04:41:30 +0000"
    },
    "done": true
  },
  "pfm:recipes/furniture/oak_kitchen_drawer": {
    "criteria": {
      "has_planks": "2024-07-21 04:41:30 +0000"
    },
    "done": true
  },
  "pfm:recipes/furniture/brown_simple_sofa": {
    "criteria": {
      "has_wool": "2024-07-21 04:41:30 +0000"
    },
    "done": true
  },
  "pfm:recipes/furniture/oak_kitchen_wall_counter": {
    "criteria": {
      "has_planks": "2024-07-21 04:41:30 +0000"
    },
    "done": true
  },
  "pfm:recipes/furniture/cyan_arm_chair": {
    "criteria": {
      "has_wool": "2024-07-21 04:41:30 +0000"
    },
    "done": true
  },
  "pfm:recipes/furniture/white_arm_chair": {
    "criteria": {
      "has_wool": "2024-07-21 04:41:30 +0000"
    },
    "done": true
  },
  "pfm:recipes/furniture/black_arm_chair": {
    "criteria": {
      "has_wool": "2024-07-21 04:41:30 +0000"
    },
    "done": true
  },
  "pfm:recipes/furniture/purple_arm_chair": {
    "criteria": {
      "has_wool": "2024-07-21 04:41:30 +0000"
    },
    "done": true
  },
  "minecraft:recipes/building_blocks/oak_planks": {
    "criteria": {
      "has_logs": "2024-07-21 04:41:30 +0000"
    },
    "done": true
  },
  "minecraft:recipes/building_blocks/oak_wood": {
    "criteria": {
      "has_log": "2024-07-21 04:41:30 +0000"
    },
    "done": true
  },
  "pfm:recipes/furniture/cyan_simple_sofa": {
    "criteria": {
      "has_wool": "2024-07-21 04:41:30 +0000"
    },
    "done": true
  },
  "pfm:recipes/furniture/yellow_arm_chair": {
    "criteria": {
      "has_wool": "2024-07-21 04:41:30 +0000"
    },
    "done": true
  },
  "pfm:recipes/furniture/light_gray_arm_chair": {
    "criteria": {
      "has_wool": "2024-07-21 04:41:30 +0000"
    },
    "done": true
  },
  "pfm:recipes/furniture/green_arm_chair": {
    "criteria": {
      "has_wool": "2024-07-21 04:41:30 +0000"
    },
    "done": true
  },
  "pfm:recipes/furniture/oak_kitchen_counter": {
    "criteria": {
      "has_planks": "2024-07-21 04:41:30 +0000"
    },
    "done": true
  },
  "pfm:recipes/furniture/lime_arm_chair": {
    "criteria": {
      "has_wool": "2024-07-21 04:41:30 +0000"
    },
    "done": true
  },
  "pfm:recipes/furniture/light_gray_simple_sofa": {
    "criteria": {
      "has_wool": "2024-07-21 04:41:30 +0000"
    },
    "done": true
  },
  "pfm:recipes/furniture/yellow_simple_sofa": {
    "criteria": {
      "has_wool": "2024-07-21 04:41:30 +0000"
    },
    "done": true
  },
  "pfm:recipes/furniture/white_simple_sofa": {
    "criteria": {
      "has_wool": "2024-07-21 04:41:30 +0000"
    },
    "done": true
  },
  "pfm:recipes/furniture/gray_simple_sofa": {
    "criteria": {
      "has_wool": "2024-07-21 04:41:30 +0000"
    },
    "done": true
  },
  "pfm:recipes/furniture/pink_simple_sofa": {
    "criteria": {
      "has_wool": "2024-07-21 04:41:30 +0000"
    },
    "done": true
  },
  "pfm:recipes/furniture/oak_kitchen_wall_small_drawer": {
    "criteria": {
      "has_planks": "2024-07-21 04:41:30 +0000"
    },
    "done": true
  },
  "pfm:recipes/furniture/black_simple_sofa": {
    "criteria": {
      "has_wool": "2024-07-21 04:41:30 +0000"
    },
    "done": true
  },
  "pfm:recipes/furniture/oak_kitchen_counter_oven": {
    "criteria": {
      "has_planks": "2024-07-21 04:41:30 +0000"
    },
    "done": true
  },
  "pfm:recipes/furniture/blue_simple_sofa": {
    "criteria": {
      "has_wool": "2024-07-21 04:41:30 +0000"
    },
    "done": true
  },
  "pfm:recipes/furniture/gray_arm_chair": {
    "criteria": {
      "has_wool": "2024-07-21 04:41:30 +0000"
    },
    "done": true
  },
  "pfm:recipes/furniture/light_blue_simple_sofa": {
    "criteria": {
      "has_wool": "2024-07-21 04:41:30 +0000"
    },
    "done": true
  },
  "pfm:recipes/furniture/oak_log_stool": {
    "criteria": {
      "has_log": "2024-07-21 04:41:30 +0000"
    },
    "done": true
  },
  "pfm:recipes/furniture/magenta_arm_chair": {
    "criteria": {
      "has_wool": "2024-07-21 04:41:30 +0000"
    },
    "done": true
  },
  "pfm:recipes/furniture/orange_simple_sofa": {
    "criteria": {
      "has_wool": "2024-07-21 04:41:30 +0000"
    },
    "done": true
  },
  "pfm:recipes/furniture/light_blue_arm_chair": {
    "criteria": {
      "has_wool": "2024-07-21 04:41:30 +0000"
    },
    "done": true
  },
  "pfm:recipes/furniture/oak_kitchen_cabinet": {
    "criteria": {
      "has_planks": "2024-07-21 04:41:30 +0000"
    },
    "done": true
  },
  "croptopia:recipes/misc/apple_juice": {
    "criteria": {
      "has_apple": "2024-07-21 04:41:41 +0000"
    },
    "done": true
  },
  "croptopia:recipes/misc/apple_sapling": {
    "criteria": {
      "has_apple": "2024-07-21 04:41:41 +0000"
    },
    "done": true
  },
  "croptopia:recipes/misc/apple_pie": {
    "criteria": {
      "has_apple": "2024-07-21 04:41:41 +0000"
    },
    "done": true
  },
  "croptopia:recipes/fruit_smoothie": {
    "criteria": {
      "has_fruit": "2024-07-21 04:41:41 +0000"
    },
    "done": true
  },
  "croptopia:recipes/documentation": {
    "criteria": {
      "has_crop": "2024-07-21 04:41:41 +0000"
    },
    "done": true
  },
  "croptopia:recipes/fruit_salad": {
    "criteria": {
      "has_apple": "2024-07-21 04:41:41 +0000"
    },
    "done": true
  },
  "pfm:recipes/furniture/jungle_kitchen_counter_oven": {
    "criteria": {
      "has_planks": "2024-07-21 04:42:15 +0000"
    },
    "done": true
  },
  "minecraft:recipes/building_blocks/jungle_wood": {
    "criteria": {
      "has_log": "2024-07-21 04:42:15 +0000"
    },
    "done": true
  },
  "pfm:recipes/furniture/jungle_kitchen_cabinet": {
    "criteria": {
      "has_planks": "2024-07-21 04:42:15 +0000"
    },
    "done": true
  },
  "pfm:recipes/furniture/jungle_kitchen_wall_counter": {
    "criteria": {
      "has_planks": "2024-07-21 04:42:15 +0000"
    },
    "done": true
  },
  "pfm:recipes/furniture/jungle_log_stool": {
    "criteria": {
      "has_log": "2024-07-21 04:42:15 +0000"
    },
    "done": true
  },
  "pfm:recipes/furniture/jungle_kitchen_wall_drawer": {
    "criteria": {
      "has_planks": "2024-07-21 04:42:15 +0000"
    },
    "done": true
  },
  "pfm:recipes/furniture/jungle_kitchen_sink": {
    "criteria": {
      "has_planks": "2024-07-21 04:42:15 +0000"
    },
    "done": true
  },
  "pfm:recipes/furniture/jungle_kitchen_wall_small_drawer": {
    "criteria": {
      "has_planks": "2024-07-21 04:42:15 +0000"
    },
    "done": true
  },
  "pfm:recipes/furniture/jungle_kitchen_drawer": {
    "criteria": {
      "has_planks": "2024-07-21 04:42:15 +0000"
    },
    "done": true
  },
  "pfm:recipes/furniture/jungle_raw_table_log": {
    "criteria": {
      "has_log": "2024-07-21 04:42:15 +0000"
    },
    "done": true
  },
  "pfm:recipes/furniture/jungle_kitchen_counter": {
    "criteria": {
      "has_planks": "2024-07-21 04:42:15 +0000"
    },
    "done": true
  },
  "minecraft:recipes/building_blocks/jungle_planks": {
    "criteria": {
      "has_logs": "2024-07-21 04:42:15 +0000"
    },
    "done": true
  },
  "minecraft:recipes/misc/brown_dye": {
    "criteria": {
      "has_cocoa_beans": "2024-07-21 04:42:37 +0000"
    },
    "done": true
  },
  "minecraft:recipes/food/cookie": {
    "criteria": {
      "has_cocoa": "2024-07-21 04:42:37 +0000"
    },
    "done": true
  },
  "croptopia:recipes/chocolate": {
    "criteria": {
      "has_cocoa_beans": "2024-07-21 04:42:37 +0000"
    },
    "done": true
  },
  "minecraft:recipes/misc/stick_from_bamboo_item": {
    "criteria": {
      "has_bamboo": "2024-07-21 04:43:43 +0000"
    },
    "done": true
  },
  "minecraft:recipes/decorations/scaffolding": {
    "criteria": {
      "has_bamboo": "2024-07-21 04:43:43 +0000"
    },
    "done": true
  },
  "croptopia:gather_jungle": {
    "criteria": {
      "greenonion_seed": "2024-07-21 04:46:48 +0000"
    },
    "done": false
  },
  "croptopia:gather_all": {
    "criteria": {
      "greenonion_seed": "2024-07-21 04:46:48 +0000"
    },
    "done": false
  },
  "croptopia:recipes/misc/greenonion_seed": {
    "criteria": {
      "has_greenonion": "2024-07-21 04:46:48 +0000"
    },
    "done": true
  },
  "croptopia:recipes/shaped_potato_soup": {
    "criteria": {
      "has_greenonion": "2024-07-21 04:46:48 +0000"
    },
    "done": true
  },
  "minecraft:husbandry/tame_an_animal": {
    "criteria": {
      "tamed_animal": "2024-07-21 04:47:06 +0000"
    },
    "done": true
  },
  "croptopia:recipes/beef_jerky": {
    "criteria": {
      "has_beef": "2024-07-21 04:49:45 +0000"
    },
    "done": true
  },
  "croptopia:recipes/pork_jerky": {
    "criteria": {
      "has_the_recipe": "2024-07-21 04:49:45 +0000"
    },
    "done": true
  },
  "croptopia:recipes/burrito": {
    "criteria": {
      "has_the_recipe": "2024-07-21 04:49:45 +0000"
    },
    "done": true
  },
  "croptopia:recipes/shaped_beef_stew": {
    "criteria": {
      "has_beef": "2024-07-21 04:49:45 +0000"
    },
    "done": true
  },
  "minecraft:recipes/food/cooked_beef_from_smoking": {
    "criteria": {
      "has_beef": "2024-07-21 04:49:45 +0000"
    },
    "done": true
  },
  "croptopia:recipes/hamburger": {
    "criteria": {
      "has_beef": "2024-07-21 04:49:45 +0000"
    },
    "done": true
  },
  "minecraft:recipes/food/cooked_beef": {
    "criteria": {
      "has_beef": "2024-07-21 04:49:45 +0000"
    },
    "done": true
  },
  "croptopia:recipes/stuffed_poblanos": {
    "criteria": {
      "has_beef": "2024-07-21 04:49:45 +0000"
    },
    "done": true
  },
  "minecraft:recipes/food/cooked_beef_from_campfire_cooking": {
    "criteria": {
      "has_beef": "2024-07-21 04:49:45 +0000"
    },
    "done": true
  },
  "minecraft:recipes/combat/leather_helmet": {
    "criteria": {
      "has_leather": "2024-07-21 04:49:49 +0000"
    },
    "done": true
  },
  "minecraft:recipes/combat/leather_chestplate": {
    "criteria": {
      "has_leather": "2024-07-21 04:49:49 +0000"
    },
    "done": true
  },
  "minecraft:recipes/misc/leather_horse_armor": {
    "criteria": {
      "has_leather": "2024-07-21 04:49:49 +0000"
    },
    "done": true
  },
  "minecraft:recipes/decorations/item_frame": {
    "criteria": {
      "has_leather": "2024-07-21 04:49:49 +0000"
    },
    "done": true
  },
  "minecraft:recipes/combat/leather_boots": {
    "criteria": {
      "has_leather": "2024-07-21 04:49:49 +0000"
    },
    "done": true
  },
  "minecraft:recipes/combat/leather_leggings": {
    "criteria": {
      "has_leather": "2024-07-21 04:49:49 +0000"
    },
    "done": true
  },
  "croptopia:recipes/chilli_relleno": {
    "criteria": {
      "has_egg": "2024-07-21 04:51:58 +0000"
    },
    "done": true
  },
  "croptopia:recipes/scrambled_eggs": {
    "criteria": {
      "has_egg": "2024-07-21 04:51:58 +0000"
    },
    "done": true
  },
  "minecraft:recipes/food/cake": {
    "criteria": {
      "has_egg": "2024-07-21 04:51:58 +0000"
    },
    "done": true
  },
  "croptopia:recipes/egg_roll": {
    "criteria": {
      "has_egg": "2024-07-21 04:51:58 +0000"
    },
    "done": true
  },
  "croptopia:recipes/misc/meringue": {
    "criteria": {
      "has_egg": "2024-07-21 04:51:58 +0000"
    },
    "done": true
  },
  "minecraft:recipes/decorations/oak_sign": {
    "criteria": {
      "has_planks": "2024-07-21 04:54:54 +0000"
    },
    "done": true
  },
  "pfm:recipes/furniture/oak_table_basic": {
    "criteria": {
      "has_planks": "2024-07-21 04:54:54 +0000"
    },
    "done": true
  },
  "pfm:recipes/furniture/oak_chair_modern": {
    "criteria": {
      "has_planks": "2024-07-21 04:54:54 +0000"
    },
    "done": true
  },
  "pfm:recipes/furniture/oak_classic_nightstand": {
    "criteria": {
      "has_planks": "2024-07-21 04:54:54 +0000"
    },
    "done": true
  },
  "pfm:recipes/furniture/oak_table_classic": {
    "criteria": {
      "has_planks": "2024-07-21 04:54:54 +0000"
    },
    "done": true
  },
  "pfm:recipes/furniture/oak_chair": {
    "criteria": {
      "has_planks": "2024-07-21 04:54:54 +0000"
    },
    "done": true
  },
  "pfm:recipes/furniture/oak_classic_stool": {
    "criteria": {
      "has_planks": "2024-07-21 04:54:54 +0000"
    },
    "done": true
  },
  "minecraft:recipes/building_blocks/oak_slab": {
    "criteria": {
      "has_planks": "2024-07-21 04:54:54 +0000"
    },
    "done": true
  },
  "minecraft:recipes/redstone/oak_fence_gate": {
    "criteria": {
      "has_planks": "2024-07-21 04:54:54 +0000"
    },
    "done": true
  },
  "minecraft:recipes/redstone/oak_door": {
    "criteria": {
      "has_planks": "2024-07-21 04:54:54 +0000"
    },
    "done": true
  },
  "pfm:recipes/furniture/oak_table_dinner": {
    "criteria": {
      "has_planks": "2024-07-21 04:54:54 +0000"
    },
    "done": true
  },
  "pfm:recipes/furniture/oak_chair_classic": {
    "criteria": {
      "has_planks": "2024-07-21 04:54:54 +0000"
    },
    "done": true
  },
  "pfm:recipes/furniture/oak_table_modern_dinner": {
    "criteria": {
      "has_planks": "2024-07-21 04:54:54 +0000"
    },
    "done": true
  },
  "pfm:recipes/furniture/oak_chair_dinner": {
    "criteria": {
      "has_planks": "2024-07-21 04:54:54 +0000"
    },
    "done": true
  },
  "minecraft:recipes/redstone/oak_trapdoor": {
    "criteria": {
      "has_planks": "2024-07-21 04:54:54 +0000"
    },
    "done": true
  },
  "pfm:recipes/furniture/oak_modern_stool": {
    "criteria": {
      "has_planks": "2024-07-21 04:54:54 +0000"
    },
    "done": true
  },
  "minecraft:recipes/building_blocks/oak_stairs": {
    "criteria": {
      "has_planks": "2024-07-21 04:54:54 +0000"
    },
    "done": true
  },
  "minecraft:recipes/decorations/oak_fence": {
    "criteria": {
      "has_planks": "2024-07-21 04:54:54 +0000"
    },
    "done": true
  },
  "minecraft:recipes/redstone/oak_button": {
    "criteria": {
      "has_planks": "2024-07-21 04:54:54 +0000"
    },
    "done": true
  },
  "pfm:recipes/furniture/oak_simple_bunk_ladder": {
    "criteria": {
      "has_planks": "2024-07-21 04:54:54 +0000"
    },
    "done": true
  },
  "minecraft:recipes/redstone/oak_pressure_plate": {
    "criteria": {
      "has_planks": "2024-07-21 04:54:54 +0000"
    },
    "done": true
  },
  "pfm:recipes/furniture/oak_table_log": {
    "criteria": {
      "has_log": "2024-07-21 04:54:54 +0000"
    },
    "done": true
  },
  "pfm:recipes/furniture/oak_simple_stool": {
    "criteria": {
      "has_planks": "2024-07-21 04:54:54 +0000"
    },
    "done": true
  },
  "minecraft:recipes/building_blocks/coal_block": {
    "criteria": {
      "has_coal": "2024-07-21 04:55:07 +0000"
    },
    "done": true
  },
  "minecraft:recipes/building_blocks/polished_diorite": {
    "criteria": {
      "has_diorite": "2024-07-21 04:55:48 +0000"
    },
    "done": true
  },
  "pfm:recipes/furniture/diorite_kitchen_wall_small_drawer": {
    "criteria": {
      "has_planks": "2024-07-21 04:55:48 +0000"
    },
    "done": true
  },
  "minecraft:recipes/building_blocks/polished_diorite_stairs_from_diorite_stonecutting": {
    "criteria": {
      "has_diorite": "2024-07-21 04:55:48 +0000"
    },
    "done": true
  },
  "minecraft:recipes/building_blocks/diorite_stairs_from_diorite_stonecutting": {
    "criteria": {
      "has_diorite": "2024-07-21 04:55:48 +0000"
    },
    "done": true
  },
  "pfm:recipes/furniture/diorite_kitchen_counter_oven": {
    "criteria": {
      "has_planks": "2024-07-21 04:55:48 +0000"
    },
    "done": true
  },
  "pfm:recipes/furniture/diorite_kitchen_sink": {
    "criteria": {
      "has_planks": "2024-07-21 04:55:48 +0000"
    },
    "done": true
  },
  "minecraft:recipes/building_blocks/andesite": {
    "criteria": {
      "has_stone": "2024-07-21 04:55:48 +0000"
    },
    "done": true
  },
  "handcrafted:recipes/misc/diorite_corner_trim": {
    "criteria": {
      "has_corner_trim": "2024-07-21 04:55:48 +0000"
    },
    "done": true
  },
  "pfm:recipes/furniture/diorite_kitchen_cabinet": {
    "criteria": {
      "has_planks": "2024-07-21 04:55:48 +0000"
    },
    "done": true
  },
  "minecraft:recipes/building_blocks/polished_diorite_slab_from_diorite_stonecutting": {
    "criteria": {
      "has_diorite": "2024-07-21 04:55:48 +0000"
    },
    "done": true
  },
  "pfm:recipes/furniture/diorite_kitchen_wall_drawer": {
    "criteria": {
      "has_planks": "2024-07-21 04:55:48 +0000"
    },
    "done": true
  },
  "pfm:recipes/furniture/diorite_kitchen_counter": {
    "criteria": {
      "has_planks": "2024-07-21 04:55:48 +0000"
    },
    "done": true
  },
  "minecraft:recipes/building_blocks/diorite_slab": {
    "criteria": {
      "has_diorite": "2024-07-21 04:55:48 +0000"
    },
    "done": true
  },
  "handcrafted:recipes/misc/diorite_pillar_trim": {
    "criteria": {
      "has_pillar_trim": "2024-07-21 04:55:48 +0000"
    },
    "done": true
  },
  "minecraft:recipes/decorations/diorite_wall": {
    "criteria": {
      "has_diorite": "2024-07-21 04:55:48 +0000"
    },
    "done": true
  },
  "pfm:recipes/furniture/diorite_kitchen_drawer": {
    "criteria": {
      "has_planks": "2024-07-21 04:55:48 +0000"
    },
    "done": true
  },
  "minecraft:recipes/decorations/diorite_wall_from_diorite_stonecutting": {
    "criteria": {
      "has_diorite": "2024-07-21 04:55:48 +0000"
    },
    "done": true
  },
  "minecraft:recipes/building_blocks/polished_diorite_from_diorite_stonecutting": {
    "criteria": {
      "has_diorite": "2024-07-21 04:55:48 +0000"
    },
    "done": true
  },
  "pfm:recipes/furniture/diorite_kitchen_wall_counter": {
    "criteria": {
      "has_planks": "2024-07-21 04:55:48 +0000"
    },
    "done": true
  },
  "minecraft:recipes/building_blocks/diorite_slab_from_diorite_stonecutting": {
    "criteria": {
      "has_diorite": "2024-07-21 04:55:48 +0000"
    },
    "done": true
  },
  "minecraft:recipes/building_blocks/diorite_stairs": {
    "criteria": {
      "has_diorite": "2024-07-21 04:55:48 +0000"
    },
    "done": true
  },
  "minecraft:recipes/building_blocks/raw_iron_block": {
    "criteria": {
      "has_raw_iron": "2024-07-21 04:56:09 +0000"
    },
    "done": true
  },
  "minecraft:recipes/misc/iron_ingot_from_blasting_raw_iron": {
    "criteria": {
      "has_raw_iron": "2024-07-21 04:56:09 +0000"
    },
    "done": true
  },
  "minecraft:recipes/misc/iron_ingot_from_smelting_raw_iron": {
    "criteria": {
      "has_raw_iron": "2024-07-21 04:56:09 +0000"
    },
    "done": true
  },
  "minecraft:recipes/building_blocks/polished_deepslate": {
    "criteria": {
      "has_cobbled_deepslate": "2024-07-21 04:59:52 +0000"
    },
    "done": true
  },
  "minecraft:recipes/building_blocks/deepslate_tile_stairs_from_cobbled_deepslate_stonecutting": {
    "criteria": {
      "has_cobbled_deepslate": "2024-07-21 04:59:52 +0000"
    },
    "done": true
  },
  "minecraft:recipes/building_blocks/cobbled_deepslate_slab": {
    "criteria": {
      "has_cobbled_deepslate": "2024-07-21 04:59:52 +0000"
    },
    "done": true
  },
  "minecraft:recipes/building_blocks/polished_deepslate_stairs_from_cobbled_deepslate_stonecutting": {
    "criteria": {
      "has_cobbled_deepslate": "2024-07-21 04:59:52 +0000"
    },
    "done": true
  },
  "minecraft:recipes/decorations/deepslate_brick_wall_from_cobbled_deepslate_stonecutting": {
    "criteria": {
      "has_cobbled_deepslate": "2024-07-21 04:59:52 +0000"
    },
    "done": true
  },
  "minecraft:recipes/building_blocks/polished_deepslate_from_cobbled_deepslate_stonecutting": {
    "criteria": {
      "has_cobbled_deepslate": "2024-07-21 04:59:52 +0000"
    },
    "done": true
  },
  "minecraft:recipes/building_blocks/cobbled_deepslate_slab_from_cobbled_deepslate_stonecutting": {
    "criteria": {
      "has_cobbled_deepslate": "2024-07-21 04:59:52 +0000"
    },
    "done": true
  },
  "minecraft:recipes/building_blocks/deepslate_tile_slab_from_cobbled_deepslate_stonecutting": {
    "criteria": {
      "has_cobbled_deepslate": "2024-07-21 04:59:52 +0000"
    },
    "done": true
  },
  "minecraft:recipes/decorations/deepslate_tile_wall_from_cobbled_deepslate_stonecutting": {
    "criteria": {
      "has_cobbled_deepslate": "2024-07-21 04:59:52 +0000"
    },
    "done": true
  },
  "minecraft:recipes/building_blocks/deepslate_brick_stairs_from_cobbled_deepslate_stonecutting": {
    "criteria": {
      "has_cobbled_deepslate": "2024-07-21 04:59:52 +0000"
    },
    "done": true
  },
  "minecraft:recipes/building_blocks/chiseled_deepslate_from_cobbled_deepslate_stonecutting": {
    "criteria": {
      "has_cobbled_deepslate": "2024-07-21 04:59:52 +0000"
    },
    "done": true
  },
  "minecraft:recipes/decorations/cobbled_deepslate_wall_from_cobbled_deepslate_stonecutting": {
    "criteria": {
      "has_cobbled_deepslate": "2024-07-21 04:59:52 +0000"
    },
    "done": true
  },
  "minecraft:recipes/decorations/cobbled_deepslate_wall": {
    "criteria": {
      "has_cobbled_deepslate": "2024-07-21 04:59:52 +0000"
    },
    "done": true
  },
  "minecraft:recipes/decorations/polished_deepslate_wall_from_cobbled_deepslate_stonecutting": {
    "criteria": {
      "has_cobbled_deepslate": "2024-07-21 04:59:52 +0000"
    },
    "done": true
  },
  "minecraft:recipes/building_blocks/cobbled_deepslate_stairs_from_cobbled_deepslate_stonecutting": {
    "criteria": {
      "has_cobbled_deepslate": "2024-07-21 04:59:52 +0000"
    },
    "done": true
  },
  "minecraft:recipes/building_blocks/deepslate": {
    "criteria": {
      "has_cobbled_deepslate": "2024-07-21 04:59:52 +0000"
    },
    "done": true
  },
  "minecraft:recipes/building_blocks/polished_deepslate_slab_from_cobbled_deepslate_stonecutting": {
    "criteria": {
      "has_cobbled_deepslate": "2024-07-21 04:59:52 +0000"
    },
    "done": true
  },
  "minecraft:recipes/building_blocks/deepslate_brick_slab_from_cobbled_deepslate_stonecutting": {
    "criteria": {
      "has_cobbled_deepslate": "2024-07-21 04:59:52 +0000"
    },
    "done": true
  },
  "minecraft:recipes/building_blocks/cobbled_deepslate_stairs": {
    "criteria": {
      "has_cobbled_deepslate": "2024-07-21 04:59:52 +0000"
    },
    "done": true
  },
  "minecraft:recipes/building_blocks/deepslate_bricks_from_cobbled_deepslate_stonecutting": {
    "criteria": {
      "has_cobbled_deepslate": "2024-07-21 04:59:52 +0000"
    },
    "done": true
  },
  "minecraft:recipes/building_blocks/deepslate_tiles_from_cobbled_deepslate_stonecutting": {
    "criteria": {
      "has_cobbled_deepslate": "2024-07-21 04:59:52 +0000"
    },
    "done": true
  },
  "minecraft:recipes/combat/iron_helmet": {
    "criteria": {
      "has_iron_ingot": "2024-07-21 05:01:03 +0000"
    },
    "done": true
  },
  "minecraft:recipes/tools/shears": {
    "criteria": {
      "has_iron_ingot": "2024-07-21 05:01:03 +0000"
    },
    "done": true
  },
  "pfm:recipes/furniture/iron_freezer": {
    "criteria": {
      "has_iron_ingot": "2024-07-21 05:01:03 +0000"
    },
    "done": true
  },
  "minecraft:recipes/building_blocks/iron_block": {
    "criteria": {
      "has_iron_ingot": "2024-07-21 05:01:03 +0000"
    },
    "done": true
  },
  "pfm:recipes/furniture/iron_stove": {
    "criteria": {
      "has_iron_ingot": "2024-07-21 05:01:03 +0000"
    },
    "done": true
  },
  "handcrafted:recipes/misc/frozen_bench": {
    "criteria": {
      "has_iron_ingot": "2024-07-21 05:01:03 +0000"
    },
    "done": true
  },
  "minecraft:recipes/redstone/hopper": {
    "criteria": {
      "has_iron_ingot": "2024-07-21 05:01:03 +0000"
    },
    "done": true
  },
  "minecraft:recipes/combat/iron_boots": {
    "criteria": {
      "has_iron_ingot": "2024-07-21 05:01:03 +0000"
    },
    "done": true
  },
  "croptopia:recipes/misc/frying_pan": {
    "criteria": {
      "has_iron": "2024-07-21 05:01:03 +0000"
    },
    "done": true
  },
  "minecraft:recipes/decorations/lantern": {
    "criteria": {
      "has_iron_ingot": "2024-07-21 05:01:03 +0000"
    },
    "done": true
  },
  "minecraft:recipes/tools/iron_shovel": {
    "criteria": {
      "has_iron_ingot": "2024-07-21 05:01:03 +0000"
    },
    "done": true
  },
  "minecraft:recipes/redstone/iron_trapdoor": {
    "criteria": {
      "has_iron_ingot": "2024-07-21 05:01:03 +0000"
    },
    "done": true
  },
  "croptopia:recipes/misc/knife": {
    "criteria": {
      "has_iron": "2024-07-21 05:01:03 +0000"
    },
    "done": true
  },
  "minecraft:recipes/combat/crossbow": {
    "criteria": {
      "has_iron_ingot": "2024-07-21 05:01:03 +0000"
    },
    "done": true
  },
  "pfm:recipes/furniture/kitchen_stovetop": {
    "criteria": {
      "has_iron_ingot": "2024-07-21 05:01:03 +0000"
    },
    "done": true
  },
  "pfm:recipes/furniture/iron_fridge": {
    "criteria": {
      "has_iron_ingot": "2024-07-21 05:01:03 +0000"
    },
    "done": true
  },
  "minecraft:recipes/redstone/heavy_weighted_pressure_plate": {
    "criteria": {
      "has_iron_ingot": "2024-07-21 05:01:03 +0000"
    },
    "done": true
  },
  "minecraft:recipes/combat/iron_leggings": {
    "criteria": {
      "has_iron_ingot": "2024-07-21 05:01:03 +0000"
    },
    "done": true
  },
  "pfm:recipes/furniture/iron_microwave": {
    "criteria": {
      "has_iron_ingot": "2024-07-21 05:01:03 +0000"
    },
    "done": true
  },
  "minecraft:recipes/combat/iron_chestplate": {
    "criteria": {
      "has_iron_ingot": "2024-07-21 05:01:03 +0000"
    },
    "done": true
  },
  "minecraft:recipes/misc/iron_nugget": {
    "criteria": {
      "has_iron_ingot": "2024-07-21 05:01:03 +0000"
    },
    "done": true
  },
  "minecraft:recipes/misc/bucket": {
    "criteria": {
      "has_iron_ingot": "2024-07-21 05:01:03 +0000"
    },
    "done": true
  },
  "minecraft:recipes/transportation/minecart": {
    "criteria": {
      "has_iron_ingot": "2024-07-21 05:01:03 +0000"
    },
    "done": true
  },
  "minecraft:recipes/tools/iron_hoe": {
    "criteria": {
      "has_iron_ingot": "2024-07-21 05:01:03 +0000"
    },
    "done": true
  },
  "minecraft:story/smelt_iron": {
    "criteria": {
      "iron": "2024-07-21 05:01:03 +0000"
    },
    "done": true
  },
  "minecraft:recipes/decorations/chain": {
    "criteria": {
      "has_iron_ingot": "2024-07-21 05:01:03 +0000"
    },
    "done": true
  },
  "minecraft:recipes/decorations/smithing_table": {
    "criteria": {
      "has_iron_ingot": "2024-07-21 05:01:03 +0000"
    },
    "done": true
  },
  "minecraft:recipes/combat/iron_sword": {
    "criteria": {
      "has_iron_ingot": "2024-07-21 05:01:03 +0000"
    },
    "done": true
  },
  "minecraft:recipes/tools/iron_pickaxe": {
    "criteria": {
      "has_iron_ingot": "2024-07-21 05:01:03 +0000"
    },
    "done": true
  },
  "minecraft:recipes/combat/shield": {
    "criteria": {
      "has_iron_ingot": "2024-07-21 05:01:03 +0000"
    },
    "done": true
  },
  "minecraft:recipes/decorations/iron_bars": {
    "criteria": {
      "has_iron_ingot": "2024-07-21 05:01:03 +0000"
    },
    "done": true
  },
  "handcrafted:recipes/misc/bench": {
    "criteria": {
      "has_iron_ingot": "2024-07-21 05:01:03 +0000"
    },
    "done": true
  },
  "pfm:recipes/furniture/iron_oven_range_hood": {
    "criteria": {
      "has_iron_ingot": "2024-07-21 05:01:03 +0000"
    },
    "done": true
  },
  "minecraft:recipes/tools/iron_axe": {
    "criteria": {
      "has_iron_ingot": "2024-07-21 05:01:03 +0000"
    },
    "done": true
  },
  "minecraft:recipes/redstone/iron_door": {
    "criteria": {
      "has_iron_ingot": "2024-07-21 05:01:03 +0000"
    },
    "done": true
  },
  "croptopia:recipes/misc/cooking_pot": {
    "criteria": {
      "has_iron": "2024-07-21 05:01:03 +0000"
    },
    "done": true
  },
  "minecraft:recipes/misc/iron_nugget_from_smelting": {
    "criteria": {
      "has_iron_sword": "2024-07-21 05:01:35 +0000"
    },
    "done": true
  },
  "minecraft:recipes/misc/iron_nugget_from_blasting": {
    "criteria": {
      "has_iron_sword": "2024-07-21 05:01:35 +0000"
    },
    "done": true
  },
  "minecraft:story/iron_tools": {
    "criteria": {
      "iron_pickaxe": "2024-07-21 05:01:59 +0000"
    },
    "done": true
  },
  "minecraft:adventure/kill_all_mobs": {
    "criteria": {
      "minecraft:skeleton": "2024-07-21 05:12:14 +0000",
      "minecraft:spider": "2024-07-21 05:38:10 +0000",
      "minecraft:zombie": "2024-07-21 05:02:27 +0000"
    },
    "done": false
  },
  "minecraft:adventure/kill_a_mob": {
    "criteria": {
      "minecraft:zombie": "2024-07-21 05:02:27 +0000"
    },
    "done": true
  },
  "minecraft:story/obtain_armor": {
    "criteria": {
      "iron_chestplate": "2024-07-21 05:04:06 +0000"
    },
    "done": true
  },
  "minecraft:recipes/misc/gold_ingot_from_blasting_raw_gold": {
    "criteria": {
      "has_raw_gold": "2024-07-21 05:05:03 +0000"
    },
    "done": true
  },
  "minecraft:recipes/misc/gold_ingot_from_smelting_raw_gold": {
    "criteria": {
      "has_raw_gold": "2024-07-21 05:05:03 +0000"
    },
    "done": true
  },
  "minecraft:recipes/building_blocks/raw_gold_block": {
    "criteria": {
      "has_raw_gold": "2024-07-21 05:05:03 +0000"
    },
    "done": true
  },
  "minecraft:recipes/building_blocks/lapis_block": {
    "criteria": {
      "has_lapis_lazuli": "2024-07-21 05:05:39 +0000"
    },
    "done": true
  },
  "minecraft:recipes/misc/blue_dye": {
    "criteria": {
      "has_lapis_lazuli": "2024-07-21 05:05:39 +0000"
    },
    "done": true
  },
  "minecraft:recipes/redstone/redstone_torch": {
    "criteria": {
      "has_redstone": "2024-07-21 05:11:05 +0000"
    },
    "done": true
  },
  "minecraft:recipes/tools/compass": {
    "criteria": {
      "has_redstone": "2024-07-21 05:11:05 +0000"
    },
    "done": true
  },
  "minecraft:recipes/redstone/redstone_block": {
    "criteria": {
      "has_redstone": "2024-07-21 05:11:05 +0000"
    },
    "done": true
  },
  "minecraft:recipes/tools/clock": {
    "criteria": {
      "has_redstone": "2024-07-21 05:11:05 +0000"
    },
    "done": true
  },
  "minecraft:recipes/redstone/note_block": {
    "criteria": {
      "has_redstone": "2024-07-21 05:11:05 +0000"
    },
    "done": true
  },
  "minecraft:recipes/redstone/dropper": {
    "criteria": {
      "has_redstone": "2024-07-21 05:11:05 +0000"
    },
    "done": true
  },
  "minecraft:recipes/redstone/piston": {
    "criteria": {
      "has_redstone": "2024-07-21 05:11:05 +0000"
    },
    "done": true
  },
  "minecraft:story/deflect_arrow": {
    "criteria": {
      "deflected_projectile": "2024-07-21 05:12:08 +0000"
    },
    "done": true
  },
  "minecraft:recipes/misc/bone_meal": {
    "criteria": {
      "has_bone": "2024-07-21 05:12:15 +0000"
    },
    "done": true
  },
  "minecraft:recipes/combat/diamond_sword": {
    "criteria": {
      "has_diamond": "2024-07-21 05:12:39 +0000"
    },
    "done": true
  },
  "minecraft:recipes/decorations/jukebox": {
    "criteria": {
      "has_diamond": "2024-07-21 05:12:39 +0000"
    },
    "done": true
  },
  "minecraft:recipes/combat/diamond_chestplate": {
    "criteria": {
      "has_diamond": "2024-07-21 05:12:39 +0000"
    },
    "done": true
  },
  "minecraft:recipes/tools/diamond_pickaxe": {
    "criteria": {
      "has_diamond": "2024-07-21 05:12:39 +0000"
    },
    "done": true
  },
  "minecraft:recipes/tools/diamond_hoe": {
    "criteria": {
      "has_diamond": "2024-07-21 05:12:39 +0000"
    },
    "done": true
  },
  "minecraft:recipes/tools/diamond_shovel": {
    "criteria": {
      "has_diamond": "2024-07-21 05:12:39 +0000"
    },
    "done": true
  },
  "minecraft:recipes/combat/diamond_helmet": {
    "criteria": {
      "has_diamond": "2024-07-21 05:12:39 +0000"
    },
    "done": true
  },
  "minecraft:recipes/building_blocks/diamond_block": {
    "criteria": {
      "has_diamond": "2024-07-21 05:12:39 +0000"
    },
    "done": true
  },
  "minecraft:story/mine_diamond": {
    "criteria": {
      "diamond": "2024-07-21 05:12:39 +0000"
    },
    "done": true
  },
  "minecraft:recipes/combat/diamond_leggings": {
    "criteria": {
      "has_diamond": "2024-07-21 05:12:39 +0000"
    },
    "done": true
  },
  "minecraft:recipes/combat/diamond_boots": {
    "criteria": {
      "has_diamond": "2024-07-21 05:12:39 +0000"
    },
    "done": true
  },
  "minecraft:recipes/tools/diamond_axe": {
    "criteria": {
      "has_diamond": "2024-07-21 05:12:39 +0000"
    },
    "done": true
  },
  "minecraft:recipes/brewing/cauldron": {
    "criteria": {
      "has_water_bucket": "2024-07-21 05:13:01 +0000"
    },
    "done": true
  },
  "croptopia:recipes/shaped_water_bottle": {
    "criteria": {
      "has_water": "2024-07-21 05:13:01 +0000"
    },
    "done": true
  },
  "minecraft:story/lava_bucket": {
    "criteria": {
      "lava_bucket": "2024-07-21 05:13:25 +0000"
    },
    "done": true
  },
  "minecraft:recipes/food/cooked_porkchop": {
    "criteria": {
      "has_porkchop": "2024-07-21 05:18:57 +0000"
    },
    "done": true
  },
  "minecraft:recipes/food/cooked_porkchop_from_smoking": {
    "criteria": {
      "has_porkchop": "2024-07-21 05:18:57 +0000"
    },
    "done": true
  },
  "croptopia:recipes/pork_and_beans": {
    "criteria": {
      "has_pork": "2024-07-21 05:18:57 +0000"
    },
    "done": true
  },
  "croptopia:recipes/carnitas": {
    "criteria": {
      "has_porkchop": "2024-07-21 05:18:57 +0000"
    },
    "done": true
  },
  "minecraft:recipes/food/cooked_porkchop_from_campfire_cooking": {
    "criteria": {
      "has_porkchop": "2024-07-21 05:18:57 +0000"
    },
    "done": true
  },
  "croptopia:recipes/shaped_bacon": {
    "criteria": {
      "has_porkchop": "2024-07-21 05:18:57 +0000"
    },
    "done": true
  },
  "minecraft:recipes/tools/golden_axe": {
    "criteria": {
      "has_gold_ingot": "2024-07-21 05:44:52 +0000"
    },
    "done": true
  },
  "minecraft:recipes/tools/golden_pickaxe": {
    "criteria": {
      "has_gold_ingot": "2024-07-21 05:44:52 +0000"
    },
    "done": true
  },
  "minecraft:recipes/misc/gold_nugget": {
    "criteria": {
      "has_gold_ingot": "2024-07-21 05:44:52 +0000"
    },
    "done": true
  },
  "minecraft:recipes/tools/golden_shovel": {
    "criteria": {
      "has_gold_ingot": "2024-07-21 05:44:52 +0000"
    },
    "done": true
  },
  "minecraft:recipes/food/golden_apple": {
    "criteria": {
      "has_gold_ingot": "2024-07-21 05:44:52 +0000"
    },
    "done": true
  },
  "minecraft:recipes/combat/golden_boots": {
    "criteria": {
      "has_gold_ingot": "2024-07-21 05:44:52 +0000"
    },
    "done": true
  },
  "minecraft:recipes/combat/golden_chestplate": {
    "criteria": {
      "has_gold_ingot": "2024-07-21 05:44:52 +0000"
    },
    "done": true
  },
  "pfm:recipes/building_blocks/acacia_herringbone_planks": {
    "criteria": {
      "has_wood_slabs": "2024-07-21 05:44:12 +0000"
    },
    "done": true
  },
  "minecraft:recipes/redstone/light_weighted_pressure_plate": {
    "criteria": {
      "has_gold_ingot": "2024-07-21 05:44:52 +0000"
    },
    "done": true
  },
  "minecraft:recipes/combat/golden_sword": {
    "criteria": {
      "has_gold_ingot": "2024-07-21 05:44:52 +0000"
    },
    "done": true
  },
  "minecraft:recipes/building_blocks/gold_block": {
    "criteria": {
      "has_gold_ingot": "2024-07-21 05:44:52 +0000"
    },
    "done": true
  },
  "minecraft:recipes/combat/golden_helmet": {
    "criteria": {
      "has_gold_ingot": "2024-07-21 05:44:52 +0000"
    },
    "done": true
  },
  "croptopia:recipes/crema": {
    "criteria": {
      "has_salt": "2024-07-21 05:42:35 +0000"
    },
    "done": true
  },
  "croptopia:recipes/butter": {
    "criteria": {
      "has_salt": "2024-07-21 05:42:35 +0000"
    },
    "done": true
  },
  "minecraft:husbandry/plant_seed": {
    "criteria": {
      "wheat": "2024-07-21 05:40:14 +0000"
    },
    "done": true
  },
  "croptopia:salt": {
    "criteria": {
      "salt": "2024-07-21 05:42:35 +0000"
    },
    "done": true
  },
  "minecraft:recipes/tools/golden_hoe": {
    "criteria": {
      "has_gold_ingot": "2024-07-21 05:44:52 +0000"
    },
    "done": true
  },
  "croptopia:recipes/cheese": {
    "criteria": {
      "has_salt": "2024-07-21 05:42:35 +0000"
    },
    "done": true
  },
  "croptopia:recipes/misc/dead_bush": {
    "criteria": {
      "has_salts": "2024-07-21 05:42:35 +0000"
    },
    "done": true
  },
  "minecraft:recipes/combat/golden_leggings": {
    "criteria": {
      "has_gold_ingot": "2024-07-21 05:44:52 +0000"
    },
    "done": true
  },
  "DataVersion": 3337
}